food_name,production_name,check_num,qualified_num,unqualified_num,production_address,food_product_time,food_model,check_flag,sampling_name,sampling_province,check_projiect
饮用矿物质水,漯河太古可口可乐饮料有限公司,3,3,0,河南漯河经济技术开发区纬一路1号,2015-08-09,550毫升/瓶,合格,许昌东城区德宜来生活超市,河南,
饮用矿物质水,漯河太古可口可乐饮料有限公司,3,3,0,漯河经济技术开发区纬一路1号,2015-07-23,550毫升/瓶,合格,民权县东方超市有限公司五分店,河南,
饮用矿物质水,漯河太古可口可乐饮料有限公司,3,3,0,漯河经济技术开发区纬一路1号,2015-06-17,550毫升/瓶,合格,郑州悦家商业有限公司新乡平原路店,河南,
饮用矿物质水,合肥达意隆包装技术有限公司,3,3,0,合肥市经济技术开发区莲花路1370号,2015-09-11,550ml/瓶,合格,安徽百大合家福连锁超市股份有限公司滨湖新区店,安徽,
饮用矿物质水,合肥达意隆包装技术有限公司,3,3,0,合肥市经济技术开发区莲花路1370号,2015-04-30,550ml/瓶,合格,宿州市埇桥区中北中超市,安徽,
饮用矿物质水,合肥达意隆包装技术有限公司,3,3,0,合肥经济技术开发区莲花路1370号,2014-4-27,550ml/瓶,合格,巢湖世纪联华超市发展有限公司,安徽,包括品质指标、重金属、其他污染物、食品添加剂、微生物指标等53个指标。
饮用矿物质水,今麦郎饮品股份有限公司隆尧分公司,3,3,0,河北省邢台市隆尧县莲子乡西范村东南,2014-7-10,550mL/瓶,合格,峰峰矿区万家福商贸有限公司,河北,包括品质指标、重金属、其他污染物、食品添加剂、微生物指标等53个指标。
饮用矿物质水,今麦郎饮品股份有限公司隆尧分公司,3,3,0,河北省邢台市隆尧县莲子乡西范村东南,2014-5-20,550mL/瓶,合格,桥西区老乔糖烟酒商行,河北,包括品质指标、重金属、其他污染物、食品添加剂、微生物指标等53个指标。
饮用矿物质水,今麦郎饮品股份有限公司隆尧分公司,3,3,0,河北省邢台市隆尧县莲子乡西范村东南,2014-5-2,550mL/瓶,合格,石家庄购好商贸有限公司,河北,包括品质指标、重金属、其他污染物、食品添加剂、微生物指标等53个指标。
饮用矿物质水,广州屈臣氏食品饮料有限公司,3,3,0,广州经济技术开发区锦绣路38号,20150206C3,400mL/瓶,合格,信阳百家商业股份有限公司化工路分店,河南,
饮用矿物质水,广州屈臣氏食品饮料有限公司,3,3,0,广州经济技术开发区锦绣路38号,20140312C,400mL/瓶,合格,民权县东方超市有限公司,河南,
饮用矿物质水,广州屈臣氏食品饮料有限公司,3,3,0,广州经济技术开发区锦绣路38号,2014-5-9,400mL/瓶,合格,河南大张实业有限公司创新店,河南,包括品质指标、重金属、其他污染物、食品添加剂、微生物指标等53个指标。
饮用矿物质水,上海获特满饮料有限公司,3,3,0,上海市松江工业区洞泾路329号,2014-11-13,18.9升,合格,上海益江供水站,上海,包括品质指标、重金属、其他污染物、食品添加剂、微生物指标等53个指标。
饮用矿物质水,上海获特满饮料有限公司,3,3,0,上海市松江工业区洞泾路329号,2014-11-4,18.9升,合格,上海市闸北区净净食品经营部,上海,包括品质指标、重金属、其他污染物、食品添加剂、微生物指标等53个指标。
饮用矿物质水,上海获特满饮料有限公司,3,3,0,上海市松江工业区洞泾路329号,2014-10-28,18.9升,合格,上海获特满饮料有限公司,上海,包括品质指标、重金属、其他污染物、食品添加剂、微生物指标等53个指标。
饮用矿物质水,今麦郎饮品（隆尧）有限公司,3,3,0,河北省邢台市隆尧县莲子乡西范村,2014-10-20,550mL/瓶,合格,今麦郎饮品（隆尧）有限公司,河北,包括品质指标、重金属、食品添加剂、微生物和其他污染物指标等53个指标。
饮用矿物质水,今麦郎饮品（隆尧）有限公司,3,3,0,隆尧县西范村,2014-9-19,550mL/瓶,合格,今麦郎饮品（隆尧）有限公司,河北,包括品质指标、重金属、食品添加剂、微生物和其他污染物指标等53个指标。
饮用矿物质水,今麦郎饮品（隆尧）有限公司,3,3,0,河北省邢台市隆尧县莲子乡西范村,2014-8-13,550mL/瓶,合格,今麦郎饮品（隆尧）有限公司,河北,包括品质指标、重金属、食品添加剂、微生物和其他污染物指标等53个指标。
饮用泉水,安徽思源食品有限公司,3,3,0,安徽寿县西门外工业园内,2016-08-30,550ml/瓶,合格,潘集区古沟新世纪华联超市,安徽,
饮用泉水,安徽思源食品有限公司,3,3,0,安徽省寿县工业园,2016-07-19,550ml/瓶,合格,安徽思源食品有限公司,安徽,
饮用泉水,安徽思源食品有限公司,3,3,0,安徽省淮南市寿县工业园,2016-03-15,550ml/瓶,合格,李古军,安徽,
饮用水,北京景田食品饮料有限公司,3,3,0,北京市昌平区南口镇前桃洼村雪贝尔科贸工业区,2016-09-18,18.9L/桶,合格,北京景田食品饮料有限公司,北京,
饮用水,北京景田食品饮料有限公司,3,3,0,北京市昌平区南口镇前桃洼村雪贝尔科贸工业区,2016-05-30,18.9L/桶,合格,北京未来客联合商贸有限公司,北京,
饮用水,北京景田食品饮料有限公司,3,3,0,北京市昌平区南口镇前桃洼村雪贝尔科贸工业区,20151216,18.9L/桶,合格,北京景田食品饮料有限公司,北京,
饮用水,今麦郎饮品(杭州)有限公司,3,3,0,浙江省杭州市桐庐县凤川镇凤川大道358号1幢,2016-06-23,500ml/瓶,合格,濉溪县南坪多福超市,安徽,
饮用水,今麦郎饮品(杭州)有限公司,3,3,0,浙江省杭州市桐庐县凤川镇成川大道358号1栋,2016-06-23,500ml/瓶,合格,谯城区双沟镇吴孟德烟酒门市部,安徽,
饮用水,今麦郎饮品(杭州)有限公司,3,3,0,杭州市桐庐县凤川镇凤川大道358号1幢,2016-06-03,500ml/瓶,合格,来安县龙山田安超市,安徽,
饮用水,张家口朗泉水业有限公司,3,3,0,河子西乡下里八村,2016-09-22,500ml,合格,张家口朗泉水业有限公司,河北,
饮用水,张家口朗泉水业有限公司,3,3,0,河子西乡下里八村,2016-09-21,500ml,合格,张家口朗泉水业有限公司,河北,
饮用水,张家口朗泉水业有限公司,3,3,0,河子西乡下里八村,2016-09-20,500ml,合格,张家口朗泉水业有限公司,河北,
饮用水,河南思源饮品有限公司,3,3,0,鄢陵陈化店镇陈化店村,2016-09-08,550ml/瓶,合格,许昌县桂村供销合作社好仕多批发部,河南,
饮用水,河南思源饮品有限公司,3,3,0,鄢陵陈化店镇陈化店村,2016-08-07,550ml/瓶,合格,许昌县恩赫商贸有限公司,河南,
饮用水,河南思源饮品有限公司,3,3,0,鄢陵陈化店镇陈化店村,2016-08-03,550ml/瓶,合格,许昌县喜洋洋超市,河南,
饮用天然火山矿泉水,延边农心矿泉饮料有限公司,3,3,0,吉林省延边州安图县二道镇白林东区通厂东路2号,2015-09-04,500ml,合格,江苏商联超市有限公司香江店,江苏,
饮用天然火山矿泉水,延边农心矿泉饮料有限公司,3,3,0,吉林省延边州安图县二道镇白林东区通厂东路2号,2015-01-15,500ml,合格,江苏乐天玛特商业有限公司淮安淮海北路店,江苏,
饮用天然火山矿泉水,延边农心矿泉饮料有限公司,3,3,0,吉林省延边州安图县二道镇,2014-6-14,500ml,合格,辽宁省华润万家生活超市有限公司盘锦兴隆台分公司,辽宁,包括品质指标、重金属、食品添加剂、微生物和其他污染物指标等53个指标。
饮用天然净水,肇庆市康怡发展有限公司,3,3,0,广东省肇庆市鼎湖区坑口五十一区,2014-9-1,18.9L,合格,肇庆市康怡发展有限公司,广东,包括品质指标、重金属、食品添加剂、微生物和其他污染物指标等53个指标。
饮用天然净水,肇庆市康怡发展有限公司,3,3,0,广东省肇庆市鼎湖区坑口五十一区,2014-8-30,18.9L,合格,肇庆市康怡发展有限公司,广东,包括品质指标、重金属、食品添加剂、微生物和其他污染物指标等53个指标。
饮用天然净水,肇庆市康怡发展有限公司,3,3,0,广东省肇庆市鼎湖区坑口五十一区,2014-8-30,18.9L,合格,肇庆市康怡发展有限公司,广东,包括品质指标、重金属、食品添加剂、微生物和其他污染物指标等53个指标。
饮用天然矿泉水,海南火山岩矿泉水有限公司,3,3,0,海南省海口市龙华路41号,1P220150614,542mL/瓶,合格,商丘市乐易商贸有限公司第三分店,河南,
饮用天然矿泉水,海南火山岩矿泉水有限公司,3,3,0,海南省海口市龙华路41号,2014-9-6,542mL/瓶,合格,郑州易初莲花连锁超市有限公司,河南,包括品质指标、重金属、食品添加剂、微生物和其他污染物指标等53个指标。
饮用天然矿泉水,海南火山岩矿泉水有限公司,3,3,0,海南省海口市龙华路41号,2014-3-13,542mL/瓶,合格,天津市滨海新区汉沽世纪客都超市,天津,包括品质指标、重金属、食品添加剂、微生物和其他污染物指标等53个指标。
饮用天然矿泉水,佛山市高明三千尺矿泉水厂有限公司,3,3,0,广东省佛山市高明区杨和镇深坑百露坑,2016-07-05,350毫升/瓶,合格,永旺华南商业有限公司东莞长安店,广东,
饮用天然矿泉水,佛山市高明三千尺矿泉水厂有限公司,3,3,0,广东省佛山市高明区杨和镇深坑百露坑,2014-10-11,350毫升/瓶,合格,广东永旺天河城商业有限公司广州天银大厦分公司,广东,包括品质指标、重金属、食品添加剂、微生物和其他污染物指标等53个指标。
饮用天然矿泉水,佛山市高明三千尺矿泉水厂有限公司,3,3,0,广东省佛山市高明区杨和镇深坑百露坑,2014-8-30,350毫升/瓶,合格,广东永旺天河商业有限公司珠海扬名广场分公司,广东,包括品质指标、重金属、其他污染物、食品添加剂、微生物指标等53个指标。
饮用天然矿泉水,海南火山岩矿泉水有限公司,3,3,0,海南省澄迈县老城经济开发区绕城高速公路1公里处南侧,2016-10-12,542毫升/瓶,合格,1号店婕妮琳专营店,上海,包括铅（以Pb计）、总砷（以As计）、镉（以Cd计）、硒、锑、铜、钡、铬、锰、镍、银、亚硝酸盐（以NaNO2计）、硝酸盐（以NaNO3计）、色度、浑浊度、界限指标-锂、界限指标-锶、界限指标-锌、界限指标-碘化物、界限指标-偏硅酸、界限指标-硒、界限指标-游离二氧化碳、界限指标-溶解性总固体、溴酸盐、硼酸盐（以B计）、氟化物（以F-计）、耗氧量（以O2计）、挥发酚（以苯酚计）、氰化物（以CN-计）、阴离子合成洗涤剂、大肠菌群、粪链球菌、铜绿假单胞菌、产气荚膜梭菌。
饮用天然矿泉水,海南火山岩矿泉水有限公司,3,3,0,海南省海口市龙华路41号,2016-03-02,542毫升/瓶,合格,七台河大润发商业有限公司,黑龙江,
饮用天然矿泉水,海南火山岩矿泉水有限公司,3,3,0,海南省海口市龙华路41号,2014-5-22,542毫升/瓶,合格,沃尔玛（福建）商业零售有限公司长乐广场路分店,福建,包括品质指标、重金属、食品添加剂、微生物和其他污染物指标等53个指标。
饮用天然矿泉水,达能益力（惠州）饮品有限公司,3,3,0,广东省惠州市龙门县龙田镇王宾村,2016-06-01,600毫升/瓶,合格,华润万家生活超市（广州）有限公司,广东,
饮用天然矿泉水,达能益力（惠州）饮品有限公司,3,3,0,广东省惠州市龙门县龙田镇王宾村,2015-10-13,600毫升/瓶,合格,广州百佳超级市场有限公司中山雅居雍景园分店,广东,
饮用天然矿泉水,达能益力（惠州）饮品有限公司,3,3,0,惠州市龙门县龙田镇,2014-8-19,600毫升/瓶,合格,深圳达能益力泉饮品有限公司,广东,包括品质指标、重金属、食品添加剂、微生物和其他污染物指标等53个指标。
饮用天然矿泉水,深圳市景田食品饮料有限公司鳌头分公司,3,3,0,广东广州从化鳌头镇黄茅村地段,2014-10-27,348ml,合格,深圳市景田食品饮料有限公司鳌头分公司,广东,包括品质指标、重金属、食品添加剂、微生物和其他污染物指标等53个指标。
饮用天然矿泉水,深圳市景田食品饮料有限公司鳌头分公司,3,3,0,广东省广州市从化鳌头镇黄茅村地段,2014-7-18,348ml,合格,上海浦东好又多超市有限公司田林分公司,上海,包括品质指标、重金属、食品添加剂、微生物和其他污染物指标等53个指标。
饮用天然矿泉水,深圳市景田食品饮料有限公司鳌头分公司,3,3,0,广州市从化鳌头镇黄茅村地段,2014-5-27,348ml,合格,佛山市高明区明城镇广晟百货商场,广东,包括品质指标、重金属、食品添加剂、微生物和其他污染物指标等53个指标。
饮用天然矿泉水,温州西雁荡矿泉水有限公司,3,3,0,浙江省温州市温州市瓯海区泽雅镇唐宅村,2016-07-27,16.8L/桶,合格,温州西雁荡矿泉水有限公司,浙江,
饮用天然矿泉水,温州西雁荡矿泉水有限公司,3,3,0,温州市瓯海区泽雅镇唐宅村,2014-11-3,16.8L/桶,合格,温州西雁荡矿泉水有限公司,浙江,包括品质指标、重金属、其他污染物、食品添加剂、微生物指标等53个指标。
饮用天然矿泉水,温州西雁荡矿泉水有限公司,3,3,0,温州市瓯海区泽雅镇唐宅村,2014-8-19,16.8L/桶,合格,温州西雁荡矿泉水有限公司,浙江,包括品质指标、重金属、食品添加剂、微生物和其他污染物指标等53个指标。
饮用天然矿泉水,青岛崂山矿泉水有限公司,3,3,0,山东省青岛市,2015-05-14,600mL/瓶,合格,潢川县人人购物广场（世博店）,河南,
饮用天然矿泉水,青岛崂山矿泉水有限公司,3,3,0,青岛市崂山区仰口,2015-04-23,600mL/瓶,合格,鹤壁银座商城有限公司,河南,
饮用天然矿泉水,青岛崂山矿泉水有限公司,3,3,0,青岛市崂山区仰口,2014-9-24,600mL/瓶,合格,青岛崂山矿泉水有限公司,山东,包括品质指标、重金属、食品添加剂、微生物和其他污染物指标等53个指标。
饮用天然矿泉水,长白山统一企业（吉林）矿泉水有限公司,3,3,0,吉林省安图县二道白河镇红丰村,生产日期：2016-1-4,570mL/瓶,合格,济南槐荫青田世纪华联超市,山东,
饮用天然矿泉水,长白山统一企业（吉林）矿泉水有限公司,3,3,0,吉林省安圈县二道白河镇红丰村,生产日期：2016-03-15,570mL/瓶,合格,胜利油田胜大超市河口店,山东,
饮用天然矿泉水,长白山统一企业（吉林）矿泉水有限公司,3,3,0,吉林省安图县二道白河镇红丰村,2016-2-19,570mL/瓶,合格,洪客隆百货投资（景德镇）有限公司朝阳路店,江西,
饮用天然矿泉水,永年县太行神泉矿泉水有限公司,3,3,0,河北省永年县永合会镇高窑村,2015-04-22,550mL/瓶,合格,廊坊市民得利商贸有限公司永清分店,河北,
饮用天然矿泉水,永年县太行神泉矿泉水有限公司,3,3,0,河北省永年县永合会镇高窑村,2015-03-17,550mL/瓶,合格,北戴河福鑫超市,河北,
饮用天然矿泉水,永年县太行神泉矿泉水有限公司,3,3,0,河北省永年县永合会镇高窑村,2015-03-03,550mL/瓶,合格,浚县城镇春阁家天下连锁店,河南,
饮用天然矿泉水,杭州万洲矿泉水有限公司,3,3,0,东山路38号,2016-11-04,18.5L/桶,合格,杭州万洲矿泉水有限公司,浙江,
饮用天然矿泉水,杭州万洲矿泉水有限公司,3,3,0,杭州市富阳市富春街道东山路38号,2015-11-13,18.5L/桶,合格,杭州万洲矿泉水有限公司,浙江,
饮用天然矿泉水,杭州万洲矿泉水有限公司,3,3,0,杭州市富阳市东山路38号,2014-9-19,18.5L/桶,合格,杭州万洲矿泉水有限公司,浙江,包括品质指标、重金属、食品添加剂、微生物和其他污染物指标等53个指标。
饮用天然矿泉水,白山娃哈哈饮料有限公司,3,3,0,吉林省白山市长白山五龙泉,2016-08-26,596ml/瓶,合格,延吉市欧尚大地生鲜食品超市,吉林,
饮用天然矿泉水,白山娃哈哈饮料有限公司,3,3,0,靖宇县五龙泉,2014-5-16,596ml/瓶,合格,葫芦岛市宏运商厦有限公司,辽宁,包括品质指标、重金属、食品添加剂、微生物和其他污染物指标等53个指标。
饮用天然矿泉水,白山娃哈哈饮料有限公司,3,3,0,吉林省白山市,2014-2-24,596ml/瓶,合格,庆安县金沙超市,黑龙江,包括品质指标、重金属、其他污染物、食品添加剂、微生物指标等53个指标。
饮用天然矿泉水,成都娃哈哈桶装水有限公司,3,3,0,成都市龙泉驿区大面镇玉石村,2014-12-5,18.9L/桶,合格,成都娃哈哈桶装水有限公司,四川,包括品质指标、重金属、其他污染物、食品添加剂、微生物指标等53个指标。
饮用天然矿泉水,成都娃哈哈桶装水有限公司,3,3,0,成都市龙泉驿区大面镇玉石村,2014-12-2,18.9L/桶,合格,成都娃哈哈桶装水有限公司,四川,包括品质指标、重金属、其他污染物、食品添加剂、微生物指标等53个指标。
饮用天然矿泉水,成都娃哈哈桶装水有限公司,3,3,0,成都市龙泉驿区大面镇玉石村,2014-12-1,18.9L/桶,合格,成都娃哈哈桶装水有限公司,四川,包括品质指标、重金属、其他污染物、食品添加剂、微生物指标等53个指标。
饮用天然矿泉水,深圳达能益力泉饮品有限公司,3,3,0,深圳市宝安区石岩镇上屋村狮子山,2016-10-27,18.9升/桶,合格,深圳达能益力泉饮品有限公司,广东,
饮用天然矿泉水,深圳达能益力泉饮品有限公司,3,3,0,深圳市宝安区石岩镇上屋村狮子山,2016-10-26,18.9升/桶,合格,深圳达能益力泉饮品有限公司,广东,
饮用天然矿泉水,深圳达能益力泉饮品有限公司,3,3,0,深圳市宝安区石岩镇上屋村狮子山,2014-10-14,18.9升/桶,合格,深圳市福田区纯净饮水设备商行,广东,包括品质指标、重金属、食品添加剂、微生物和其他污染物指标等53个指标。
饮用天然矿泉水,深圳市景田食品饮料有限公司鳌头分公司,3,3,0,广州市从化鳌头镇黄茅村地段,2015-6-26 20150626,348mL/瓶,合格,沃尔玛深国投百货有限公司武汉徐东大街分店,湖北,包括品质指标、重金属指标以及食品添加剂指标和微生物指标等12个项目
饮用天然矿泉水,深圳市景田食品饮料有限公司鳌头分公司,3,3,0,四川什邡市蓝剑大道,2014-7-16,348mL/瓶,合格,北国商城股份有限公司益友百货分公司,河北,包括品质指标、重金属、食品添加剂、微生物和其他污染物指标等53个指标。
饮用天然矿泉水,深圳市景田食品饮料有限公司鳌头分公司,3,3,0,广州市从化鳌头镇黄茅村地段,2014-7-5,348mL/瓶,合格,中百仓储咸宁购物广场有限公司咸宁高速分店,湖北,包括品质指标、重金属、食品添加剂、微生物和其他污染物指标等53个指标。
饮用天然矿泉水,佛山市高明三千尺矿泉水厂有限公司,3,3,0,广东省佛山市高明区杨和镇深坑百露坑,2016-07-05,350毫升/瓶,合格,永旺华南商业有限公司东莞长安店,广东,
饮用天然矿泉水,佛山市高明三千尺矿泉水厂有限公司,3,3,0,广东省佛山市高明区杨和镇深坑百露坑,2014-10-11,350毫升/瓶,合格,广东永旺天河城商业有限公司广州天银大厦分公司,广东,包括品质指标、重金属、食品添加剂、微生物和其他污染物指标等53个指标。
饮用天然矿泉水,佛山市高明三千尺矿泉水厂有限公司,3,3,0,广东省佛山市高明区杨和镇深坑百露坑,2014-8-30,350毫升/瓶,合格,广东永旺天河商业有限公司珠海扬名广场分公司,广东,包括品质指标、重金属、其他污染物、食品添加剂、微生物指标等53个指标。
饮用天然矿泉水,海南火山岩矿泉水有限公司,3,3,0,海南省澄迈县老城经济开发区绕城高速公路1公里处南侧,2016-10-12,542毫升/瓶,合格,1号店婕妮琳专营店,上海,包括铅（以Pb计）、总砷（以As计）、镉（以Cd计）、硒、锑、铜、钡、铬、锰、镍、银、亚硝酸盐（以NaNO2计）、硝酸盐（以NaNO3计）、色度、浑浊度、界限指标-锂、界限指标-锶、界限指标-锌、界限指标-碘化物、界限指标-偏硅酸、界限指标-硒、界限指标-游离二氧化碳、界限指标-溶解性总固体、溴酸盐、硼酸盐（以B计）、氟化物（以F-计）、耗氧量（以O2计）、挥发酚（以苯酚计）、氰化物（以CN-计）、阴离子合成洗涤剂、大肠菌群、粪链球菌、铜绿假单胞菌、产气荚膜梭菌。
饮用天然矿泉水,海南火山岩矿泉水有限公司,3,3,0,海南省海口市龙华路41号,2016-03-02,542毫升/瓶,合格,七台河大润发商业有限公司,黑龙江,
饮用天然矿泉水,海南火山岩矿泉水有限公司,3,3,0,海南省海口市龙华路41号,2014-5-22,542毫升/瓶,合格,沃尔玛（福建）商业零售有限公司长乐广场路分店,福建,包括品质指标、重金属、食品添加剂、微生物和其他污染物指标等53个指标。
饮用天然矿泉水,达能益力（惠州）饮品有限公司,3,3,0,广东省惠州市龙门县龙田镇王宾村,2016-06-01,600毫升/瓶,合格,华润万家生活超市（广州）有限公司,广东,
饮用天然矿泉水,达能益力（惠州）饮品有限公司,3,3,0,广东省惠州市龙门县龙田镇王宾村,2015-10-13,600毫升/瓶,合格,广州百佳超级市场有限公司中山雅居雍景园分店,广东,
饮用天然矿泉水,达能益力（惠州）饮品有限公司,3,3,0,惠州市龙门县龙田镇,2014-8-19,600毫升/瓶,合格,深圳达能益力泉饮品有限公司,广东,包括品质指标、重金属、食品添加剂、微生物和其他污染物指标等53个指标。
饮用天然矿泉水,深圳市景田食品饮料有限公司鳌头分公司,3,3,0,广东广州从化鳌头镇黄茅村地段,2014-10-27,348ml,合格,深圳市景田食品饮料有限公司鳌头分公司,广东,包括品质指标、重金属、食品添加剂、微生物和其他污染物指标等53个指标。
饮用天然矿泉水,深圳市景田食品饮料有限公司鳌头分公司,3,3,0,广东省广州市从化鳌头镇黄茅村地段,2014-7-18,348ml,合格,上海浦东好又多超市有限公司田林分公司,上海,包括品质指标、重金属、食品添加剂、微生物和其他污染物指标等53个指标。
饮用天然矿泉水,深圳市景田食品饮料有限公司鳌头分公司,3,3,0,广州市从化鳌头镇黄茅村地段,2014-5-27,348ml,合格,佛山市高明区明城镇广晟百货商场,广东,包括品质指标、重金属、食品添加剂、微生物和其他污染物指标等53个指标。
饮用天然矿泉水,温州西雁荡矿泉水有限公司,3,3,0,浙江省温州市温州市瓯海区泽雅镇唐宅村,2016-07-27,16.8L/桶,合格,温州西雁荡矿泉水有限公司,浙江,
饮用天然矿泉水,温州西雁荡矿泉水有限公司,3,3,0,温州市瓯海区泽雅镇唐宅村,2014-11-3,16.8L/桶,合格,温州西雁荡矿泉水有限公司,浙江,包括品质指标、重金属、其他污染物、食品添加剂、微生物指标等53个指标。
饮用天然矿泉水,温州西雁荡矿泉水有限公司,3,3,0,温州市瓯海区泽雅镇唐宅村,2014-8-19,16.8L/桶,合格,温州西雁荡矿泉水有限公司,浙江,包括品质指标、重金属、食品添加剂、微生物和其他污染物指标等53个指标。
饮用天然矿泉水,青岛崂山矿泉水有限公司,3,3,0,山东省青岛市,2015-05-14,600mL/瓶,合格,潢川县人人购物广场（世博店）,河南,
饮用天然矿泉水,青岛崂山矿泉水有限公司,3,3,0,青岛市崂山区仰口,2015-04-23,600mL/瓶,合格,鹤壁银座商城有限公司,河南,
饮用天然矿泉水,青岛崂山矿泉水有限公司,3,3,0,青岛市崂山区仰口,2014-9-24,600mL/瓶,合格,青岛崂山矿泉水有限公司,山东,包括品质指标、重金属、食品添加剂、微生物和其他污染物指标等53个指标。
饮用天然泉水,武进区雪堰南山泉纯净水厂,3,3,0,雪堰镇南山龟山脚下,2016-12-11,18升/桶,合格,武进区雪堰南山泉纯净水厂,江苏,
饮用天然泉水,武进区雪堰南山泉纯净水厂,3,3,0,雪堰镇南山龟山脚下,2016-12-10,18升/桶,合格,武进区雪堰南山泉纯净水厂,江苏,
饮用天然泉水,武进区雪堰南山泉纯净水厂,3,3,0,武进区雪堰镇南山龟山脚下,2016-05-04,18升/桶,合格,武进区雪堰南山泉纯净水厂,江苏,
饮用天然水,农夫山泉（淳安茶园）有限公司,3,3,0,淳安县石林镇毛竹源,2016-08-31,550ml/瓶,合格,苏果超市（合肥）有限公司长丰路购物广场,安徽,
饮用天然水,农夫山泉（淳安茶园）有限公司,3,3,0,淳安县石等镇毛竹源,2014-5-20,550ml/瓶,合格,锦江麦德龙现购自运有限公司合肥包河商场,安徽,包括品质指标、重金属、食品添加剂、微生物和其他污染物指标等53个指标。
饮用天然水,农夫山泉（淳安茶园）有限公司,3,3,0,淳安县石林镇毛竹源,2014-4-23,550ml/瓶,合格,安徽永辉超市有限公司蚌埠胜利路分公司,安徽,包括品质指标、重金属、食品添加剂、微生物和其他污染物指标等53个指标。
饮用天然水,农夫山泉广东万绿湖有限公司,3,3,0,河源市源城区源南镇双下村地段沿江路南边,2014-11-1,380毫升,合格,江西坚强百货连锁有限公司赣县鑫远店,江西,包括品质指标、重金属、其他污染物、食品添加剂、微生物指标等53个指标。
饮用天然水,农夫山泉广东万绿湖有限公司,3,3,0,河源市源城区源南镇双下村,2014-6-29,380毫升,合格,赣州新南慷商贸有限公司赣县分店,江西,包括品质指标、重金属、其他污染物、食品添加剂、微生物指标等53个指标。
饮用天然水,农夫山泉广东万绿湖有限公司,3,3,0,河源市源城区源南镇双下村地段沿江路南边,2014-5-14,380毫升,合格,赣州新南慷商贸有限公司兴国分店,江西,包括品质指标、重金属、其他污染物、食品添加剂、微生物指标等53个指标。
饮用天然水,杭州淳安千岛湖龙山泉天然水有限公司,3,3,0,浙江省杭州市淳安县文昌镇浓坑口50号,2016-09-26,16.8L/桶,合格,杭州淳安千岛湖龙山泉天然水有限公司,浙江,
饮用天然水,杭州淳安千岛湖龙山泉天然水有限公司,3,3,0,淳安千岛湖文昌镇文昌村侬坑口50号,2014-11-18,16.8L/桶,合格,杭州淳安千岛湖龙山泉天然水有限公司,浙江,包括品质指标、重金属、其他污染物、食品添加剂、微生物指标等53个指标。
饮用天然水,杭州淳安千岛湖龙山泉天然水有限公司,3,3,0,淳安县千岛湖文昌村浓坑口50号,2014-10-10,16.8L/桶,合格,杭州淳安千岛湖龙山泉天然水有限公司,浙江,包括品质指标、重金属、其他污染物、食品添加剂、微生物指标等53个指标。
饮用天然水,农夫山泉（建德）新安江饮料有限公司,3,3,0,建德市新安江街道朱家埠,2016-06-26,380ml/瓶,合格,特易购商业（江苏）有限公司无锡新光分公司,江苏,
饮用天然水,农夫山泉（建德）新安江饮料有限公司,3,3,0,建德市新安江街道朱家埠,2016-03-21,380ml/瓶,合格,淮安润淮商业有限公司,江苏,
饮用天然水,农夫山泉（建德）新安江饮料有限公司,3,3,0,建德市新安江街道朱家埠,2014-5-22,380ml/瓶,合格,上饶市永盛购物中心有限公司,江西,包括品质指标、重金属、其他污染物、食品添加剂、微生物指标等53个指标。
饮用天然水,农夫山泉陕西太白山饮料有限公司,3,3,0,陕西省眉县汤峪太白山风景区(法汤路1号),2016-09-18,550ml/瓶,合格,陕西华润万家生活超市有限公司金花路分公司,陕西,包括色度、浑浊度、耗氧量、余氯（游离氯）、三氯甲烷、四氯化碳、挥发性酚（以苯酚计）、溴酸盐、阴离子合成洗涤剂、大肠菌群、铜绿假单胞菌、铅、总砷、镉、亚硝酸盐。
饮用天然水,农夫山泉陕西太白山饮料有限公司,3,3,0,陕西省眉县汤峪太白山风景区法汤路1号,2016-03-15,550ml/瓶,合格,灵台县鑫星购物广场,甘肃,
饮用天然水,农夫山泉陕西太白山饮料有限公司,3,3,0,陕西省眉县汤峪太白山风景区法汤路1号,2014-8-5,550ml/瓶,合格,陕西阳光生活购物广场有限公司,陕西,包括品质指标、重金属、食品添加剂、微生物和其他污染物指标等53个指标。
饮用天然水,农夫山泉湖北丹江口（新城）饮料有限公司,3,3,0,丹江口市经济开发区安乐河工业园水都大道008号,2016-1-12 20160112,1.5L/瓶,合格,沃尔玛深国投百货有限公司武汉徐东大街分店,湖北,包括品质指标、重金属指标以及食品添加剂指标和微生物指标等12个项目
饮用天然水,农夫山泉湖北丹江口（新城）饮料有限公司,3,3,0,丹江口市经济开发区安乐河工业园水都大道008号,2016-07-19,1.5L/瓶,合格,鄢陵县东宝商贸有限公司,河南,
饮用天然水,农夫山泉湖北丹江口（新城）饮料有限公司,3,3,0,丹江口市经济开发区安乐河工业园水都大道008号,2014-9-7,1.5L/瓶,合格,农夫山泉湖北丹江口（新城）饮料有限公司,湖北,包括品质指标、重金属、食品添加剂、微生物和其他污染物指标等53个指标。
饮用天然水,农夫山泉吉林长白山有限公司,3,3,0,吉林省靖宇县矿泉水源保护区,2016-06-19 20160619 E5,750mL/瓶,合格,哈尔滨新世纪家得乐商贸有限公司财富店,黑龙江,包括阿斯巴甜、安赛蜜、钡、苯甲酸、茶多酚、产气荚膜梭菌、赤藓红及其铝色淀、大肠菌群、蛋白质、靛蓝及其铝色淀、二氧化硫残留量、二氧化碳气容量、粪链球菌、氟化物、镉、铬、汞、耗氧量、挥发性酚(以苯酚计)、浑浊度、酵母、界限指标、金黄色葡萄球菌、菌落总数、咖啡因、亮蓝及其铝色淀、邻苯基苯酚、马拉硫磷、霉菌、霉菌和酵母、锰、纳他霉素、脲酶试验、镍、柠檬黄及其铝色淀、硼酸盐、铅、氰化物、日落黄及其铝色淀、乳酸菌、三聚氰胺、三氯甲烷、三氯蔗糖、色度、沙门氏菌、山梨酸及其钾盐、商业无菌、四氯化碳、酸性红、糖精钠、特征性含量指标、锑、甜菊糖苷、甜蜜素、铜、铜绿假单胞菌、脱氢乙酸及其钠盐、硒、锡、苋菜红及其铝色淀、硝酸盐、新红及其铝色淀、溴酸盐、亚硝酸盐、胭脂红及其铝色淀、阴离子合成洗涤剂、银、诱惑红及其铝色淀、余氯(游离氯)、增效醚、展青霉素、总砷。
饮用天然水,农夫山泉吉林长白山有限公司,3,3,0,吉林省靖宇县矿泉水源保护区,2016-02-01,750mL/瓶,合格,哈尔滨哈尔信连锁超市有限责任公司红旗大街分公司,黑龙江,包括品质指标、重金属指标以及食品添加剂指标和微生物指标等12个指标
饮用天然水,农夫山泉吉林长白山有限公司,3,3,0,吉林省靖宇县矿泉水源保护区,2016-1-13,750mL/瓶,合格,哈尔滨新世纪家得乐商贸有限公司民生尚都店,黑龙江,包括品质指标、重金属指标以及食品添加剂指标和微生物指标等13个指标
饮用天然水,农夫山泉股份有限公司建德分公司,3,3,0,建德市新安江街道崇金滩,2015-12-10,550ml/瓶,合格,万年县新天地购物广场正大街店,江西,
饮用天然水,农夫山泉股份有限公司建德分公司,3,3,0,建德市新安江街道紫金滩,2015-09-20,550ml/瓶,合格,淮安区范集镇吉百盛超市经营部,江苏,
饮用天然水,农夫山泉股份有限公司建德分公司,3,3,0,建德市新安江街道紫金滩,2014-5-11,550ml/瓶,合格,江西洪客隆百货投资有限公司第一街区分公司,江西,包括品质指标、重金属、其他污染物、食品添加剂、微生物指标等53个指标。
饮用天然水,桐庐雪水山泉饮品有限公司,3,3,0,浙江省杭州市桐庐县新合乡松山村,2016-09-28,17L/桶,合格,桐庐雪水山泉饮品有限公司,浙江,
饮用天然水,桐庐雪水山泉饮品有限公司,3,3,0,桐庐县新合乡桃岭,2015-11-16,17L/桶,合格,桐庐雪水山泉饮品有限公司,浙江,
饮用天然水,桐庐雪水山泉饮品有限公司,3,3,0,桐庐新合乡桃岭,2014-11-18,17L/桶,合格,桐庐雪水山泉饮品有限公司,浙江,包括品质指标、重金属、其他污染物、食品添加剂、微生物指标等53个指标。
饮用天然水,农夫山泉湖北丹江口有限公司,3,3,0,丹江口市胡家口,2016-03-27,550mL/瓶,合格,贵州正安合力购物有限责任公司,贵州,
饮用天然水,农夫山泉湖北丹江口有限公司,3,3,0,湖北省十堰市丹江口胡家岭,2016-03-18,550mL/瓶,合格,农夫山泉湖北丹江口有限公司,湖北,
饮用天然水,农夫山泉湖北丹江口有限公司,3,3,0,湖北省十堰市丹江口市胡家岭,2014-8-8,550mL/瓶,合格,农夫山泉湖北丹江口有限公司,湖北,包括品质指标、重金属、食品添加剂、微生物和其他污染物指标等53个指标。
饮用天然水,农夫山泉（建德）新安江饮料有限公司,3,3,0,建德市新安江街道朱家埠,2016-06-12/无,380ml,合格,盱眙县金年华商贸有限公司,江苏,
饮用天然水,农夫山泉（建德）新安江饮料有限公司,3,3,0,建德市新安江街道朱家埠,2014-5-31,380ml,合格,洪客隆投资发展（上饶）有限公司,江西,包括品质指标、重金属、其他污染物、食品添加剂、微生物指标等53个指标。
饮用天然水,农夫山泉（建德）新安江饮料有限公司,3,3,0,建德市新安江街道朱家埠,2014-5-22,380ml,合格,上饶市广江万家贸易有限公司,江西,包括品质指标、重金属、其他污染物、食品添加剂、微生物指标等53个指标。
饮用天然水,农夫山泉广东万绿湖有限公司,3,3,0,河源市源城区源南镇双下村地段沿江路南边,2014-11-1,380毫升,合格,江西坚强百货连锁有限公司赣县鑫远店,江西,包括品质指标、重金属、其他污染物、食品添加剂、微生物指标等53个指标。
饮用天然水,农夫山泉广东万绿湖有限公司,3,3,0,河源市源城区源南镇双下村,2014-6-29,380毫升,合格,赣州新南慷商贸有限公司赣县分店,江西,包括品质指标、重金属、其他污染物、食品添加剂、微生物指标等53个指标。
饮用天然水,农夫山泉广东万绿湖有限公司,3,3,0,河源市源城区源南镇双下村地段沿江路南边,2014-5-14,380毫升,合格,赣州新南慷商贸有限公司兴国分店,江西,包括品质指标、重金属、其他污染物、食品添加剂、微生物指标等53个指标。
饮用天然水,杭州淳安千岛湖龙山泉天然水有限公司,3,3,0,浙江省杭州市淳安县文昌镇浓坑口50号,2016-09-26,16.8L/桶,合格,杭州淳安千岛湖龙山泉天然水有限公司,浙江,
饮用天然水,杭州淳安千岛湖龙山泉天然水有限公司,3,3,0,淳安千岛湖文昌镇文昌村侬坑口50号,2014-11-18,16.8L/桶,合格,杭州淳安千岛湖龙山泉天然水有限公司,浙江,包括品质指标、重金属、其他污染物、食品添加剂、微生物指标等53个指标。
饮用天然水,杭州淳安千岛湖龙山泉天然水有限公司,3,3,0,淳安县千岛湖文昌村浓坑口50号,2014-10-10,16.8L/桶,合格,杭州淳安千岛湖龙山泉天然水有限公司,浙江,包括品质指标、重金属、其他污染物、食品添加剂、微生物指标等53个指标。
饮用天然水,农夫山泉（建德）新安江饮料有限公司,3,3,0,建德市新安江街道朱家埠,2016-06-26,380ml/瓶,合格,特易购商业（江苏）有限公司无锡新光分公司,江苏,
饮用天然水,农夫山泉（建德）新安江饮料有限公司,3,3,0,建德市新安江街道朱家埠,2016-03-21,380ml/瓶,合格,淮安润淮商业有限公司,江苏,
饮用天然水,农夫山泉（建德）新安江饮料有限公司,3,3,0,建德市新安江街道朱家埠,2014-5-22,380ml/瓶,合格,上饶市永盛购物中心有限公司,江西,包括品质指标、重金属、其他污染物、食品添加剂、微生物指标等53个指标。
饮用天然水,农夫山泉陕西太白山饮料有限公司,3,3,0,陕西省眉县汤峪太白山风景区(法汤路1号),2016-09-18,550ml/瓶,合格,陕西华润万家生活超市有限公司金花路分公司,陕西,包括色度、浑浊度、耗氧量、余氯（游离氯）、三氯甲烷、四氯化碳、挥发性酚（以苯酚计）、溴酸盐、阴离子合成洗涤剂、大肠菌群、铜绿假单胞菌、铅、总砷、镉、亚硝酸盐。
饮用天然水,农夫山泉陕西太白山饮料有限公司,3,3,0,陕西省眉县汤峪太白山风景区法汤路1号,2016-03-15,550ml/瓶,合格,灵台县鑫星购物广场,甘肃,
饮用天然水,农夫山泉陕西太白山饮料有限公司,3,3,0,陕西省眉县汤峪太白山风景区法汤路1号,2014-8-5,550ml/瓶,合格,陕西阳光生活购物广场有限公司,陕西,包括品质指标、重金属、食品添加剂、微生物和其他污染物指标等53个指标。
饮用天然水,农夫山泉湖北丹江口（新城）饮料有限公司,3,3,0,丹江口市经济开发区安乐河工业园水都大道008号,2016-1-12 20160112,1.5L/瓶,合格,沃尔玛深国投百货有限公司武汉徐东大街分店,湖北,包括品质指标、重金属指标以及食品添加剂指标和微生物指标等12个项目
饮用天然水,农夫山泉湖北丹江口（新城）饮料有限公司,3,3,0,丹江口市经济开发区安乐河工业园水都大道008号,2016-07-19,1.5L/瓶,合格,鄢陵县东宝商贸有限公司,河南,
饮用天然水,农夫山泉湖北丹江口（新城）饮料有限公司,3,3,0,丹江口市经济开发区安乐河工业园水都大道008号,2014-9-7,1.5L/瓶,合格,农夫山泉湖北丹江口（新城）饮料有限公司,湖北,包括品质指标、重金属、食品添加剂、微生物和其他污染物指标等53个指标。
饮用天然苏打矿泉水,乐山繁山矿泉饮料有限公司,3,3,0,乐山市市中区棉竹镇,2016-08-09,360ml/瓶,合格,四川润泽春天实业有限公司,四川,
饮用天然苏打矿泉水,乐山繁山矿泉饮料有限公司,3,3,0,乐山市市中区棉竹镇,2016-07-16,360ml/瓶,合格,成都红旗连锁股份有限公司龙泉大面现代花园分场,四川,
饮用天然苏打矿泉水,乐山繁山矿泉饮料有限公司,3,3,0,市中区棉竹镇,2016-06-27,360ml/瓶,合格,上海大润发有限公司,上海,
营养快线,潍坊娃哈哈食品有限公司,3,3,0,潍坊市高新技术产业开发区卧龙东街以北金马路以西,2016-11-09,500g/瓶,合格,潍坊娃哈哈食品有限公司,山东,
营养快线,潍坊娃哈哈食品有限公司,3,3,0,潍坊高新技术产业开发区卧龙东街139号北邻,2015-07-03,500g/瓶,合格,潍坊市世纪泰华福乐多超市有限公司,山东,
营养快线,潍坊娃哈哈食品有限公司,3,3,0,潍坊高新技术产业开发区卧龙东街139号北邻,2015-05-08,500g/瓶,合格,潍坊市世纪泰华福乐多超市有限公司,山东,
营养快线,天水娃哈哈饮料有限公司,3,3,0,甘肃省天水市秦州区暖和湾工业示范区1区,2016-06-09,500g/瓶,合格,天水娃哈哈饮料有限公司,甘肃,
营养快线,天水娃哈哈饮料有限公司,3,3,0,甘肃省天水市秦州区暖和湾工业示范区1区,2016-06-09,500g/瓶,合格,天水娃哈哈饮料有限公司,甘肃,
营养快线,天水娃哈哈饮料有限公司,3,3,0,甘肃省天水市秦州区暖和湾工业示范区,2015-10-18,500g/瓶,合格,兰州新区伟业华联超市,甘肃,
营养快线水果牛奶饮品,广元娃哈哈饮料有限公司,3,3,0,四川省广元市利州开发区河西办事处利州西路,2015-10-04,450g/瓶,合格,广元娃哈哈饮料有限公司,四川,
营养快线水果牛奶饮品,广元娃哈哈饮料有限公司,3,3,0,四川省广元市利州开发区河西办事处利州西路,2015-10-03,450g/瓶,合格,广元娃哈哈饮料有限公司,四川,
营养快线水果牛奶饮品,广元娃哈哈饮料有限公司,3,3,0,四川省广元市利州开发区河西办事处利州西路,2015-10-03,450g/瓶,合格,广元娃哈哈饮料有限公司,四川,
营养快线水果牛奶饮品（菠萝味）,合肥娃哈哈饮料有限公司,3,3,0,合肥市长江西路2221号,2016-02-14 201602141217,500g/瓶,合格,合肥蜀山合家福连锁超市有限公司,安徽,包括品质指标、重金属指标以及食品添加剂指标和微生物指标等11个指标
营养快线水果牛奶饮品（菠萝味）,合肥娃哈哈饮料有限公司,3,3,0,安徽省合肥市长江西路2221号,2015-10-5,500g/瓶,合格,安徽永辉超市有限公司合肥站西路分公司,安徽,包括品质指标、重金属指标以及食品添加剂指标和微生物指标等13个指标
营养快线水果牛奶饮品（菠萝味）,合肥娃哈哈饮料有限公司,3,3,0,合肥市长江西路2221号,2015-8-14,500g/瓶,合格,安徽百大合家福连锁超市股份有限公司临泉东路店,安徽,品质指标、重金属指标、非食用物质以及食品添加剂指标和微生物指标等31个指标
营养麦芽蛋白型固体饮料,上海英联食品饮料有限公司,3,3,0,上海市闵行经济技术开发区兰村路8号,2016-04-19,400克/袋,合格,上海英联食品饮料有限公司,上海,
营养麦芽蛋白型固体饮料,上海英联食品饮料有限公司,3,3,0,闵行经济技术开发区兰村路8号,2016-04-19,400克/袋,合格,锦江麦德龙现购自运有限公司,上海,
营养麦芽蛋白型固体饮料,上海英联食品饮料有限公司,3,3,0,经济技术开发区兰村路8号,2015-10-07,400克/袋,合格,特易购商业（上海）有限公司上南路分公司,上海,
营养酸奶饮品,吉安娃哈哈饮料有限公司,3,3,0,江西省吉安市吉安县工业园,2016-6-3,200g/瓶,合格,铅山县鹏泰购物广场,江西,
营养酸奶饮品,吉安娃哈哈饮料有限公司,3,3,0,江西省吉安市吉安县工业园,2016-5-6,200g/瓶,合格,赣州国光实业有限公司大余广场店,江西,
营养酸奶饮品,吉安娃哈哈饮料有限公司,3,3,0,江西省吉安市吉安县工业园,2016-1-11,200g/瓶,合格,南昌百货大楼萍乡有限责任公司,江西,
涌洁饮用纯净水,分宜县湖泽涌洁纯净水厂,3,3,0,江西省新余市分宜县湖泽镇汉塘村行田,2016-3-23,18.9L/桶,合格,分宜县湖泽涌洁纯净水厂,江西,
涌洁饮用纯净水,分宜县湖泽涌洁纯净水厂,3,3,0,江西省新余市分宜县湖泽镇汉塘村行田,2016-3-22,18.9L/桶,合格,分宜县湖泽涌洁纯净水厂,江西,
涌洁饮用纯净水,分宜县湖泽涌洁纯净水厂,3,3,0,江西省新余市分宜县湖泽镇汉塘村行田,2015-09-23,18.9L/桶,合格,分宜县湖泽涌洁纯净水厂,江西,
优活包装饮用水,上海雀巢饮用水有限公司,3,3,0,上海市浦东新区金桥出口加工区宁桥路88号,2016-02-22 20160222,1.5L/瓶,合格,特易购商业（江苏）有限公司无锡政和分公司,江苏,包括品质指标、重金属指标以及食品添加剂指标和微生物指标等12个指标
优活包装饮用水,上海雀巢饮用水有限公司,3,3,0,上海市浦东新区金桥出口加工区宁桥路88号,2016-3-3,1.5L/瓶,合格,上海新欧尚超市有限公司新建店,江西,
优活包装饮用水,上海雀巢饮用水有限公司,3,3,0,上海市浦东新区金桥出口加工区宁桥路88号,2015-07-31,1.5L/瓶,合格,苏果超市有限公司殷巷连锁店,江苏,包括品质指标、重金属指标以及食品添加剂指标和微生物指标等12个指标
优活包装饮用水,上海雀巢饮用水有限公司,3,3,0,上海市浦东新区金桥出口加工区宁桥路88号,2016-03-02 20160302,550mL/瓶,合格,大润发时代超市控股有限公司常州薛家天宇分公司,江苏,包括品质指标、重金属指标以及食品添加剂指标和微生物指标等12个指标
优活包装饮用水,上海雀巢饮用水有限公司,3,3,0,中国自由贸易试验区宁桥路88号,2016-04-06/无,550mL/瓶,合格,盱眙县金年华商贸有限公司,江苏,
优活包装饮用水,上海雀巢饮用水有限公司,3,3,0,上海市浦东新区金桥出口加工区宁桥路88号,2015-6-2,550mL/瓶,合格,上海新欧尚超市有限公司新建店,江西,
优活包装饮用水,天津雀巢天然矿泉水有限公司,3,3,0,天津市蓟县邦均镇夏各庄村南,2016-01-23,330毫升/瓶,合格,沭阳县沭城信富南通好又多超市加盟店,江苏,
优活包装饮用水,天津雀巢天然矿泉水有限公司,3,3,0,天津市蓟县邦均镇夏各庄村南,2016-01-06,330毫升/瓶,合格,天津华润超级市场有限公司西康路分店,天津,
优活包装饮用水,天津雀巢天然矿泉水有限公司,3,3,0,天津市蓟县邦均镇夏各庄村南,2015-07-06,330毫升/瓶,合格,福满家集团玉田县凤凰超市有限公司,河北,
优活包装饮用水,上海雀巢饮用水有限公司,3,3,0,上海市浦东新区金桥出口加工区宁桥路88号,2016-03-02 20160302,550mL/瓶,合格,大润发时代超市控股有限公司常州薛家天宇分公司,江苏,包括品质指标、重金属指标以及食品添加剂指标和微生物指标等12个指标
优活包装饮用水,上海雀巢饮用水有限公司,3,3,0,中国自由贸易试验区宁桥路88号,2016-04-06/无,550mL/瓶,合格,盱眙县金年华商贸有限公司,江苏,
优活包装饮用水,上海雀巢饮用水有限公司,3,3,0,上海市浦东新区金桥出口加工区宁桥路88号,2015-6-2,550mL/瓶,合格,上海新欧尚超市有限公司新建店,江西,
优酸乳,潍坊伊利乳业有限责任公司,3,3,0,山东省潍坊市临朐县城关街道西环路西侧朐山路南路,2016-04-21,250ml/盒,合格,潍坊伊利乳业有限责任公司,山东,
优酸乳,潍坊伊利乳业有限责任公司,3,3,0,临朐县城关街道西环路西侧朐山路南侧,2015-09-16,250ml/盒,合格,潍坊伊利乳业有限责任公司,山东,
优酸乳,潍坊伊利乳业有限责任公司,3,3,0,临朐县城关街道西环路西侧朐山路南侧,2015-09-15,250ml/盒,合格,潍坊伊利乳业有限责任公司,山东,
优酸乳,湖北黄冈伊利乳业有限责任公司,3,3,0,湖北省黄冈市西湖工业园区新港路1号,2016-10-05,250ml/盒,合格,沃尔玛（湖北）商业零售有限公司黄冈红安沿河路分店,湖北,
优酸乳,湖北黄冈伊利乳业有限责任公司,3,3,0,湖北省黄冈市西湖工业园区新港路1号,2016-08-24,250ml/盒,合格,红安县中意平价超市,湖北,
优酸乳,湖北黄冈伊利乳业有限责任公司,3,3,0,湖北省黄冈市西湖工业园新港路1号,2016-08-21,250ml/盒,合格,红安县新益佳购物中心,湖北,
优益C原味活菌型乳酸菌乳饮品,蒙牛乳业（清远）有限公司,3,3,0,清远市高新技术产业开发区,20151023F01,340mL,合格,蒙牛乳业（清远）有限公司,广东,
优益C原味活菌型乳酸菌乳饮品,蒙牛乳业（清远）有限公司,3,3,0,清远市高新技术产业开发区,2015-12-08,340mL,合格,蒙牛乳业（清远）有限公司,广东,
优益C原味活菌型乳酸菌乳饮品,蒙牛乳业（清远）有限公司,3,3,0,清远市高新技术产业开发区,2015-10-22,340mL,合格,蒙牛乳业（清远）有限公司,广东,
优悦包装饮用水,新疆顶津食品有限公司库尔勒生产分公司,3,3,0,新疆库尔勒经济技术开发区2号标准厂房,2015-11-10,550ml/瓶,合格,焉耆县鹏成食品商店,新疆,
优悦包装饮用水,新疆顶津食品有限公司库尔勒生产分公司,3,3,0,新疆库尔勒经济技术开发区2号标准厂房,20150915,550ml/瓶,合格,库尔勒经济技术开发区兴家园超市,新疆,
优悦包装饮用水,新疆顶津食品有限公司库尔勒生产分公司,3,3,0,新疆库尔勒经济技术开发区2号标准厂房,20150824,550ml/瓶,合格,焉耆县长河食品店,新疆,
优悦包装饮用水,南充顶津饮品有限公司,3,3,0,南充市高坪区航空港工业集中区,2015-08-14,550ml/瓶,合格,四川宜购万佳商贸有限公司,四川,
优悦包装饮用水,南充顶津饮品有限公司,3,3,0,南充市高坪区航空港工业集中区,2015-08-06,550ml/瓶,合格,华蓥市富源万家商贸有限公司,四川,
优悦包装饮用水,南充顶津饮品有限公司,3,3,0,南充市高坪区航空港工业集中区,2015-08-03,550ml/瓶,合格,顺庆区广顺超市,四川,
优悦包装饮用水,成都顶津食品有限公司,3,3,0,四川省成都市温江区成都海峡两岸科技产业开发园蓉台大道,2016-01-25,550ml/瓶,合格,沃尔玛（四川）百货有限公司攀枝花炳草岗分店,四川,
优悦包装饮用水,成都顶津食品有限公司,3,3,0,四川省成都市温江区成都海峡两岸科技产业开发园蓉台大道,2015-08-09,550ml/瓶,合格,成都顶津食品有限公司,四川,
优悦包装饮用水,成都顶津食品有限公司,3,3,0,四川省成都市温江区成都海峡两岸科技产业开发园蓉台大道,2015-07-26,550ml/瓶,合格,安岳县尚东购物中心有限公司,四川,
优悦包装饮用水,库尔勒顶津饮品有限公司,3,3,0,新疆库尔勒经济技术开发区2号标准厂房,2016-03-31,550ml/瓶,合格,铁门关市陈思源超市,兵团,
优悦包装饮用水,库尔勒顶津饮品有限公司,3,3,0,新疆库尔勒经济技术开发区2号标准厂房,20160308,550ml/瓶,合格,若羌县胡记综合商贸中心,新疆,
优悦包装饮用水,库尔勒顶津饮品有限公司,3,3,0,新疆库尔勒经济技术开发区2号标准厂房,20160305,550ml/瓶,合格,轮台县彩云综合商店,新疆,
优悦包装饮用水,阿克苏顶津饮品有限公司,3,3,0,阿克苏特色产业园余杭路北侧3号,20160309,550ml/瓶,合格,和田市平宁商行,新疆,
优悦包装饮用水,阿克苏顶津饮品有限公司,3,3,0,阿克苏特色产业园余杭路北侧3号,20151105,550ml/瓶,合格,喀什市陈强烟酒商行,新疆,
优悦包装饮用水,阿克苏顶津饮品有限公司,3,3,0,阿克苏特色产业园余杭路北侧3号,2015-06-17,550ml/瓶,合格,图木舒克市金冠超市有限责任公司,兵团,
悠竹饮用天然泉水,桐梓县竹泉泉水厂,3,3,0,桐梓县九坝镇山堡村,2016-10-18,18.9L/桶,合格,桐梓县竹泉泉水厂,贵州,
悠竹饮用天然泉水,桐梓县竹泉泉水厂,3,3,0,桐梓县九坝镇山堡村,2016-06-20,18.9L/桶,合格,桐梓县竹泉泉水厂,贵州,
悠竹饮用天然泉水,桐梓县竹泉泉水厂,3,3,0,桐梓县九坝镇山堡村,2016-03-28,18.9L/桶,合格,桐梓县悠竹山泉水经营部,贵州,
渔夫山饮用天然泉水,余庆县白泥镇梓桐社区残协青龙山泉水厂,3,3,0,贵州省遵义市余庆县中心村,2016-10-19,18.9L/桶,合格,余庆县白泥镇梓桐社区残协青龙山泉水厂,贵州,
渔夫山饮用天然泉水,余庆县白泥镇梓桐社区残协青龙山泉水厂,3,3,0,余庆县小腮镇中关村,2016-05-02,18.9L/桶,合格,余庆县白泥镇梓桐社区残协青龙山泉水厂,贵州,
渔夫山饮用天然泉水,余庆县白泥镇梓桐社区残协青龙山泉水厂,3,3,0,余庆县小肥镇中关村,2015-10-27,18.9L/桶,合格,余庆县白泥镇梓桐社区残协青龙山泉水厂,贵州,
渔阳纯净水,天津渔阳酒业有限责任公司,3,3,0,蓟县上仓镇,2340-11-02,18.9L/桶,合格,天津渔阳酒业有限责任公司,天津,
渔阳纯净水,天津渔阳酒业有限责任公司,3,3,0,蓟县上仓镇,2339-06-15,18.9L/桶,合格,天津渔阳酒业有限责任公司,天津,
渔阳纯净水,天津渔阳酒业有限责任公司,3,3,0,天津市蓟县上仓镇上仓中学南500米,2014-8-26,18.9L/桶,合格,天津渔阳酒业有限责任公司,天津,包括品质指标、重金属、食品添加剂、微生物和其他污染物指标等53个指标。
禹泉饮用水,怀远县海京纯净水有限责任公司,3,3,0,安徽省怀远县城关镇农民工创业园,2016-11-16,15L/桶,合格,怀远县海京纯净水有限责任公司,安徽,
禹泉饮用水,怀远县海京纯净水有限责任公司,3,3,0,安徽省怀远县城关镇农民工创业园,2016-11-15,15L/桶,合格,怀远县海京纯净水有限责任公司,安徽,
禹泉饮用水,怀远县海京纯净水有限责任公司,3,3,0,安徽省怀远县城关镇农民工创业园,2016-11-14,15L/桶,合格,怀远县海京纯净水有限责任公司,安徽,
玉虹山泉饮用天然泉水,石阡县玉虹山泉有限责任公司,3,3,0,贵州省铜仁市石阡县中坝乡木瓜溪,2016-09-11,18.9L/桶,合格,石阡县玉虹山泉有限责任公司,贵州,
玉虹山泉饮用天然泉水,石阡县玉虹山泉有限责任公司,3,3,0,贵州省铜仁市石阡县中坝乡木瓜溪,2016-04-21,18.9L/桶,合格,石阡县玉虹山泉有限责任公司,贵州,
玉虹山泉饮用天然泉水,石阡县玉虹山泉有限责任公司,3,3,0,贵州省铜仁市石阡县中坝镇木瓜溪,2014-10-20,18.9L/桶,合格,石阡县玉虹山泉有限责任公司,贵州,包括品质指标、重金属、食品添加剂、微生物和其他污染物指标等53个指标。
玉皇虎源天然水,杭州玉龙饮用水厂,3,3,0,浙江省杭州市闸口三角道59号,2016-10-07,16.8L/桶,合格,杭州玉龙饮用水厂,浙江,
玉皇虎源天然水,杭州玉龙饮用水厂,3,3,0,杭州市闸口三角道59号,2016-09-11,16.8L/桶,合格,杭州玉龙饮用水厂,浙江,
玉皇虎源天然水,杭州玉龙饮用水厂,3,3,0,杭州市闸口三角道59号,2014-11-24,16.8L/桶,合格,杭州玉龙饮用水厂,浙江,包括品质指标、重金属、其他污染物、食品添加剂、微生物指标等53个指标。
玉露优质饮用纯净水,宿州市玉露饮品有限公司,3,3,0,宿州经开区金海三路18号,2015-09-19,17L/桶,合格,宿州市玉露饮品有限公司,安徽,
玉露优质饮用纯净水,宿州市玉露饮品有限公司,3,3,0,宿州经开区金海三路18号,2014-11-17,17L/桶,合格,宿州市玉露饮品有限公司,安徽,包括品质指标、重金属、其他污染物、食品添加剂、微生物指标等53个指标。
玉露优质饮用纯净水,宿州市玉露饮品有限公司,3,3,0,安徽省宿州经济开发区金海三路18号,2014-8-9,17L/桶,合格,宿州市玉露饮品有限公司,安徽,包括品质指标、重金属、食品添加剂、微生物和其他污染物指标等53个指标。
玉米粗粮饮料,恩施茂和食品有限公司,3,3,0,恩施市红庙下官田,2016-12-16,1.25kg/瓶,合格,中百仓储超市有限公司唐家墩购物广场,湖北,
玉米粗粮饮料,恩施茂和食品有限公司,3,3,0,湖北省恩施市红庙下官田,2016-09-08,1.25kg/瓶,合格,湖北银泰仙桃商城大厦有限公司,湖北,
玉米粗粮饮料,恩施茂和食品有限公司,3,3,0,恩施市红庙下官田,2014-11-28,1.25kg/瓶,合格,广州家广超市有限公司新市店,广东,品质指标、重金属指标、非食用物质以及食品添加剂指标和微生物指标等31个指标
玉米浆饮料,湖北康乐滋食品饮料有限公司,3,3,0,当阳市环城南路北侧（新民村）,2016-06-21,1.25L/瓶,合格,湖北康乐滋食品饮料有限公司,湖北,
玉米浆饮料,湖北康乐滋食品饮料有限公司,3,3,0,湖北省当阳市环城南路北侧（新民村）,2016-04-20,1.25L/瓶,合格,湖北康乐滋食品饮料有限公司,湖北,
玉米浆饮料,湖北康乐滋食品饮料有限公司,3,3,0,湖北省当阳市环城南路北侧,2015-12-24,1.25L/瓶,合格,武汉武商量贩连锁有限公司仙桃量贩店,湖北,
玉米汁饮料,吉林天景食品有限公司九郊分公司,3,3,0,吉林省九台市九郊乡(吉长公路北线37公里处),2016-07-07,490mL/瓶,合格,吉林省金港商贸有限公司,吉林,
玉米汁饮料,吉林天景食品有限公司九郊分公司,3,3,0,吉林省九台市九郊乡(吉长公路北线37公里处),2016-01-07,490mL/瓶,合格,松原市宁江区繁华商贸有限公司,吉林,
玉米汁饮料,吉林天景食品有限公司九郊分公司,3,3,0,吉林省九台市九郊乡(吉长公路北线37公里处),2015-12-09,490mL/瓶,合格,长春欧亚集团松原欧亚购物中心有限公司,吉林,
玉米汁饮品,山东省杨宁森博农业科技有限公司,3,3,0,山东省枣庄市市中区西昌北路路东,2016-10-27,430ml/瓶,合格,山东省杨宁森博农业科技有限公司,山东,
玉米汁饮品,山东省杨宁森博农业科技有限公司,3,3,0,山东省枣庄市市中区西昌北路路东,2016-10-27,430ml/瓶,合格,徐州润平商业有限公司,江苏,
玉米汁饮品,山东省杨宁森博农业科技有限公司,3,3,0,山东省枣庄市市中区西昌北路路东,2016-04-24,430ml/瓶,合格,山东省杨宁森博农业科技有限公司,山东,
玉台矿泉饮用天然矿泉水,江门市新会区大自然饮料厂,3,3,0,江门市新会区紫云路199号,2016-10-11,18.9L/桶,合格,江门市新会区大自然饮料厂,广东,
玉台矿泉饮用天然矿泉水,江门市新会区大自然饮料厂,3,3,0,江门市新会区紫云路199号,2016-10-07,18.9L/桶,合格,江门市新会区大自然饮料厂,广东,
玉台矿泉饮用天然矿泉水,江门市新会区大自然饮料厂,3,3,0,广东省江门市新会区会城紫云路199号,2014-9-1,18.9L/桶,合格,江门市新会区大自然饮料厂,广东,包括品质指标、重金属、食品添加剂、微生物和其他污染物指标等53个指标。
誉博 饮用纯净水,淮北市协和商贸有限责任公司纯净水分公司,3,3,0,安徽省淮北市杜集区段园镇绿原实业有限公司院内,2016-09-18,580ml/瓶,合格,固镇县新马桥镇保华食品店,安徽,
誉博 饮用纯净水,淮北市协和商贸有限责任公司纯净水分公司,3,3,0,安徽省淮北市杜集区段园镇绿原实业有限公司院内,2016-09-16,580ml/瓶,合格,固镇县新马桥镇保华食品店,安徽,
誉博 饮用纯净水,淮北市协和商贸有限责任公司纯净水分公司,3,3,0,安徽省淮北市杜集区段园镇绿原实业有限公司院内,2016-09-05,580ml/瓶,合格,固镇县新马桥镇陈良超食品百货商店,安徽,
原创果醋饮料（苹果味）,河南天方原创食品股份有限公司,3,3,0,驻马店市开源大道与中原大道交叉口西南角,2016-07-15,200ml,合格,遂平爱家生活广场有限公司,河南,
原创果醋饮料（苹果味）,河南天方原创食品股份有限公司,3,3,0,驻马店市开源大道与中原大道交叉口西南角,2016-05-24,200ml,合格,欢乐爱家超市有限公司迪斯尼欢乐城,河南,
原创果醋饮料（苹果味）,河南天方原创食品股份有限公司,3,3,0,驻马店市开源大道与中原大道交叉口西南角,2016-04-14,200ml,合格,汝南县东官庄镇新家园生活超市,河南,
原味豆奶,广州市福林食品有限公司,3,3,0,广州市海珠区华洲路48号之一、之二,2016-05-05,250毫升/盒,合格,佛山市好又多怡东百货商业有限公司季华分公司,广东,
原味豆奶,广州市福林食品有限公司,3,3,0,广州市海珠区华洲路48叫之一、之二,2015-11-10,250毫升/盒,合格,佛山市好又多怡东百货商业有限公司季华分公司,广东,
原味豆奶,广州市福林食品有限公司,3,3,0,广州市海珠区华洲路48号之一、之二,2015-10-11,250毫升/盒,合格,广州市福林食品有限公司,广东,
原味葡萄糖盐汽水,黄石珍珠果食品饮料有限公司,3,3,0,黄石市洋浦路1号,2016-09-06,500mL/瓶,合格,黄石珍珠果食品饮料有限公司,湖北,
原味葡萄糖盐汽水,黄石珍珠果食品饮料有限公司,3,3,0,湖北省黄石市洋浦路1号,2016-08-22,500mL/瓶,合格,沃尔玛（湖北）商业零售有限公司武汉光谷分店,湖北,
原味葡萄糖盐汽水,黄石珍珠果食品饮料有限公司,3,3,0,湖北省黄石市洋浦路1号,2016-07-02,500mL/瓶,合格,深圳沃尔玛百货零售有限公司长春临河街分店,吉林,
原味野生酸枣汁饮料,唐山蓝猫饮品集团有限公司,3,3,0,河北省遵化市汤泉乡楼似山,2016-08-23,500mL/瓶,合格,河北保龙仓家乐福商业有限公司中华大街店,河北,包括菌落总数、大肠菌群、霉菌、酵母、商业无菌（限以罐头加工工艺生产的罐装产品）、甜蜜素、山梨酸及其钾盐、安赛蜜、苯甲酸及其钠盐、二氧化硫残留量、糖精钠、三氯蔗糖、纳他霉素、阿斯巴甜、脱氢乙酸及其钠盐、合成着色剂（柠檬黄及其铝色淀、诱惑红及其铝色淀、赤藓红及其铝色淀、亮蓝及其铝色淀、日落黄及其铝色淀、苋菜红及其铝色淀、新红及其铝色淀、胭脂红及其铝色淀、酸性红、靛蓝及其铝色淀）、展青霉素（限以苹果、山楂为原料制成的产品）、铅、锡、邻苯基苯酚（限橙汁）、增效醚（限番茄汁、橙汁）、马拉硫磷（限番茄汁）、沙门氏菌、金黄色葡萄球菌。
原味野生酸枣汁饮料,唐山蓝猫饮品集团有限公司,3,3,0,河北省遵化市温泉乡楼似山,2016-06-14,500mL/瓶,合格,北京物美流通技术有限公司清河店,北京,包括菌落总数、大肠菌群、霉菌、酵母、商业无菌（限以罐头加工工艺生产的罐装产品）、甜蜜素、山梨酸及其钾盐、安赛蜜、苯甲酸及其钠盐、二氧化硫残留量、糖精钠、三氯蔗糖、纳他霉素、阿斯巴甜、脱氢乙酸及其钠盐、合成着色剂（柠檬黄及其铝色淀、诱惑红及其铝色淀、赤藓红及其铝色淀、亮蓝及其铝色淀、日落黄及其铝色淀、苋菜红及其铝色淀、新红及其铝色淀、胭脂红及其铝色淀、酸性红、靛蓝及其铝色淀）、展青霉素（限以苹果、山楂为原料制成的产品）、铅、锡、邻苯基苯酚（限橙汁）、增效醚（限番茄汁、橙汁）、马拉硫磷（限番茄汁）、沙门氏菌、金黄色葡萄球菌。
原味野生酸枣汁饮料,唐山蓝猫饮品集团有限公司,3,3,0,河北省遵化市汤泉乡楼似山,2015/08/03,500mL/瓶,合格,北京华普联合商业投资有限公司鲁谷超市,北京,
源泉饮用天然泉水,正安县源泉山泉水厂,3,3,0,贵州省遵义市正安县凤仪镇田生村源丰组,2016-10-12,18.9L/桶,合格,正安县源泉山泉水厂,贵州,
源泉饮用天然泉水,正安县源泉山泉水厂,3,3,0,遵义市正安县凤仪镇田生村,2016-07-04,18.9L/桶,合格,正安县源泉山泉水厂,贵州,
源泉饮用天然泉水,正安县源泉山泉水厂,3,3,0,贵州省遵义市正安县凤仪镇田省村,2016-04-27,18.9L/桶,合格,正安县源泉山泉水厂,贵州,
缘山泉包装饮用水,惠州市缘源泉实业有限公司,3,3,0,广东省惠州市惠城区横沥镇大岚欧陂村内,2016-09-18,350ml/瓶,合格,惠州市缘源泉实业有限公司,广东,
缘山泉包装饮用水,惠州市缘源泉实业有限公司,3,3,0,广东省惠州市惠城区横沥镇大岚欧陂村内,2016-09-01,350ml/瓶,合格,惠州市缘源泉实业有限公司,广东,
缘山泉包装饮用水,惠州市缘源泉实业有限公司,3,3,0,惠州市惠城区横沥镇大岚欧陂村内,2016-08-12,350ml/瓶,合格,惠州市缘源泉实业有限公司,广东,
粤樵山泉饮用纯净水,佛山市南海西樵山泉水有限公司,3,3,0,广东佛山市南海区西樵沿江东路西樵天湖大厦,2016-10-18,18.9升/桶,合格,佛山市南海西樵山泉水有限公司,广东,
粤樵山泉饮用纯净水,佛山市南海西樵山泉水有限公司,3,3,0,广东佛山市南海区西樵沿江东路西樵天湖大厦,2016-10-17,18.9升/桶,合格,佛山市南海西樵山泉水有限公司,广东,
粤樵山泉饮用纯净水,佛山市南海西樵山泉水有限公司,3,3,0,广东佛山市南海区西樵沿江东路西樵天湖大厦,2016-10-15,18.9升/桶,合格,佛山市南海西樵山泉水有限公司,广东,
兆宇野生蓝莓果汁饮料,扎兰屯市景源食品有限责任公司,3,3,0,内蒙古扎兰屯市河西办事处,2015/12/10,300ml/瓶,合格,呼和浩特市永盛成超市呼和浩特有限责任公司乌兰西店,内蒙古,
兆宇野生蓝莓果汁饮料,扎兰屯市景源食品有限责任公司,3,3,0,内蒙古扎兰屯市河西办事处,2015/8/1,300ml/瓶,合格,呼和浩特市永盛成超市有限责任公司乌兰西店,内蒙古,
兆宇野生蓝莓果汁饮料,扎兰屯市景源食品有限责任公司,3,3,0,内蒙古扎兰屯市河西办事处,2015/6/1,300ml/瓶,合格,内蒙古维多利超市连锁有限公司金桥店,内蒙古,
珍宝岛包装饮用水,鸡西市鸡冠区珍宝岛饮品厂,3,3,0,黑龙江省鸡西市朝阳村,2016-08-12,500ml/瓶,合格,城子河区淑凤家庭用品商店,黑龙江,
珍宝岛包装饮用水,鸡西市鸡冠区珍宝岛饮品厂,3,3,0,黑龙江省鸡西市朝阳村,2016-02-05,500ml/瓶,合格,城子河区秀霞综合批发部,黑龙江,
珍宝岛包装饮用水,鸡西市鸡冠区珍宝岛饮品厂,3,3,0,黑龙江省鸡西市朝阳村,2016-02-02,500ml/瓶,合格,城子河区新通美超市,黑龙江,
真果粒牛奶饮品（桃果粒）,蒙牛乳制品武汉有限责任公司,3,3,0,湖北省武汉市东西湖区张柏路203号（10）,2016-12-06,250g/盒,合格,中百仓储超市有限公司大洲店,湖北,
真果粒牛奶饮品（桃果粒）,蒙牛乳制品武汉有限责任公司,3,3,0,湖北省武汉市东西湖区张柏路203号,2016-09-14,250g/盒,合格,中百仓储孝感购物广场有限公司汉川店,湖北,
真果粒牛奶饮品（桃果粒）,蒙牛乳制品武汉有限责任公司,3,3,0,湖北省武汉市东西湖区张柏路203号,2016-5-4,250g/盒,合格,赣州新华都购物广场有限公司万盛店,江西,
植物固体饮料,江西阿颖金山药食品有限公司,3,3,0,江西省抚州市南城县金山口工业区,2015-10-12,150g/盒,合格,江西阿颖金山药食品有限公司,江西,
植物固体饮料,江西阿颖金山药食品有限公司,3,3,0,江西省抚州市南城县金山口工业区,2015-10-09,150g/盒,合格,江西阿颖金山药食品有限公司,江西,
植物固体饮料,江西阿颖金山药食品有限公司,3,3,0,江西省抚州市南城县金山口工业区,2015-10-06,150g/盒,合格,江西阿颖金山药食品有限公司,江西,
植脂末,孟州市融丰食品有限公司,3,3,0,河南省焦作市孟州市西虢镇西沃村东,2015-08-18,25kg,合格,孟州市融丰食品有限公司,河南,
植脂末,孟州市融丰食品有限公司,3,3,0,河南省焦作市孟州市西虢镇西沃村东,2015-07-16,25kg,合格,孟州市融丰食品有限公司,河南,
植脂末,孟州市融丰食品有限公司,3,3,0,河南省焦作市孟州市西虢镇西沃村东,2015-06-19,25kg,合格,孟州市融丰食品有限公司,河南,
植脂末奶精,孟州市铭业食品有限公司,3,3,0,河南省焦作市孟州市会昌办事处竹园村,2015-08-20,25kg,合格,孟州市铭业食品有限公司,河南,
植脂末奶精,孟州市铭业食品有限公司,3,3,0,河南省焦作市孟州市会昌办事处竹园村,2015-08-10,25kg,合格,孟州市铭业食品有限公司,河南,
植脂末奶精,孟州市铭业食品有限公司,3,3,0,河南省焦作市孟州市会昌办事处竹园村,2015-07-18,25kg,合格,孟州市铭业食品有限公司,河南,
孜乐饮用纯净水,喀什阿米娜清真食品有限公司,3,3,0,喀什市工业园区中亚三路一号,20160312,560ml/瓶,合格,轮台县汗沙汗商店,新疆,
孜乐饮用纯净水,喀什阿米娜清真食品有限公司,3,3,0,喀什市工业园区中亚三路一号,20160312,560ml/瓶,合格,轮台县图妮萨古丽白路商店,新疆,
孜乐饮用纯净水,喀什阿米娜清真食品有限公司,3,3,0,喀什市工业园中亚三路一号,20160311,560ml/瓶,合格,轮台县图妮萨古丽白路商店,新疆,
遵义冰泉包装饮用水,汇川区龙山矿泉水厂,3,3,0,遵义市汇川区洗马路,2016-10-09,18.9L/桶,合格,汇川区龙山矿泉水厂,贵州,
遵义冰泉包装饮用水,汇川区龙山矿泉水厂,3,3,0,遵义市汇川区洗马路,2016-05-26,18.9L/桶,合格,汇川区龙山矿泉水厂,贵州,
遵义冰泉包装饮用水,汇川区龙山矿泉水厂,3,3,0,遵义市汇川区洗马路,2016-03-20,18.9L/桶,合格,陈兆坤（水站）,贵州,
傩乡秀泉饮用纯净水,沿河夹石山羊傩乡秀泉水厂,3,3,0,贵州省铜仁市沿河县夹石镇老寨村一组,2016-09-12,18.9L/桶,合格,沿河夹石山羊傩乡秀泉水厂,贵州,
傩乡秀泉饮用纯净水,沿河夹石山羊傩乡秀泉水厂,3,3,0,贵州省铜仁市沿河县夹石镇老寨村,2016-04-19,18.9L/桶,合格,沿河夹石山羊傩乡秀泉水厂,贵州,
傩乡秀泉饮用纯净水,沿河夹石山羊傩乡秀泉水厂,3,3,0,沿河土家族自治县夹石镇老寨村,2015-10-20,18.9L/桶,合格,沿河夹石山羊傩乡秀泉水厂,贵州,
茉莉花茶,农夫山泉（建德）新安江饮料有限公司,3,3,0,建德市新安江街道朱家埠,2016-03-20,500ml/瓶,合格,瓜州县渊泉街红宇超市,甘肃,
茉莉花茶,农夫山泉（建德）新安江饮料有限公司,3,3,0,杭州市建德市,2015-09-12,500ml/瓶,合格,郑州丹尼斯百货有限公司焦作市塔南分公司,河南,
茉莉花茶,农夫山泉（建德）新安江饮料有限公司,3,3,0,建德市新安江街道朱家埠,2015-08-25,500ml/瓶,合格,无锡大统华购物有限公司,江苏,
茉莉蜜茶（调味茶饮料）,今麦郎饮品股份有限公司咸宁分公司,3,3,0,湖北省咸宁市咸宁经济开发区长江产业园,2016-09-19,500mL/瓶,合格,今麦郎饮品股份有限公司咸宁分公司,湖北,
茉莉蜜茶（调味茶饮料）,今麦郎饮品股份有限公司咸宁分公司,3,3,0,湖北省咸宁市咸宁经济开发区长江产业园,2016-01-03,500mL/瓶,合格,九头鸟超市,湖北,包括品质指标、重金属指标以及食品添加剂指标和微生物指标等12个指标
茉莉蜜茶（调味茶饮料）,今麦郎饮品股份有限公司咸宁分公司,3,3,0,湖北省咸宁市咸宁经济开发区长江产业园,2015-09-23,500mL/瓶,合格,咸宁市个人经营但汉军（爱科超市）,湖北,包括品质指标、重金属指标以及食品添加剂指标和微生物指标等12个指标
崂派山泉包装饮用水,哈尔滨盛恒泉生物能基因活力水有限公司,3,3,0,哈尔滨市呼兰区腰堡街道88号,2016-04-15,500ml,合格,牡丹江市西安区东大百家姓食品超市,黑龙江,
崂派山泉包装饮用水,哈尔滨盛恒泉生物能基因活力水有限公司,3,3,0,哈尔滨市呼兰区腰堡街88号,2016-04-05,500ml,合格,鹤岗市兴山区乐得购生鲜超市,黑龙江,
崂派山泉包装饮用水,哈尔滨盛恒泉生物能基因活力水有限公司,3,3,0,哈尔滨市呼兰区腰堡街道88号,2016-04-03,500ml,合格,佳木斯市向阳（西）区树平啤酒饮料商店,黑龙江,
崂山矿泉水,青岛崂山矿泉水有限公司,3,3,0,青岛市崂山区仰口,2015-7-15,330mL/瓶,合格,锦江麦德龙现购自运有限公司南昌青山湖商场,江西,
崂山矿泉水,青岛崂山矿泉水有限公司,3,3,0,青岛市崂山区仰口,2015-5-18,330mL/瓶,合格,上海新欧尚超市有限公司新建店,江西,
崂山矿泉水,青岛崂山矿泉水有限公司,3,3,0,青岛市崂山区仰口,2014-4-25,330mL/瓶,合格,河北永辉超市有限公司桥西分公司,河北,包括品质指标、重金属、食品添加剂、微生物和其他污染物指标等53个指标。
猕猴桃果粒果汁饮料,湘西老爹生物有限公司,3,3,0,湖南省吉首人民南路69号 湘西经济开发区,2015-06-11,245mL/瓶,合格,湖南梅尼超市股份有限公司天际岭店,湖南,
猕猴桃果粒果汁饮料,湘西老爹生物有限公司,3,3,0,湖南省吉音市人民路120号,2015-05-13,245mL/瓶,合格,铜仁市万客隆天天见商贸有限公司金码头店,贵州,
猕猴桃果粒果汁饮料,湘西老爹生物有限公司,3,3,0,湖南省吉首市人民南路69号,2014-6-5,245mL/瓶,合格,王一实业集团衡阳香江百货有限公司岳屏商业广场,湖南,包括品质指标、重金属、其他污染物、食品添加剂、微生物指标等53个指标。
怡寳饮用纯净水,苏州华新达饮品技术有限公司,3,3,0,江苏省苏州高新区金燕路9号,2016-07-03,350ml/瓶,合格,靖江润靖商业有限公司,江苏,
怡寳饮用纯净水,苏州华新达饮品技术有限公司,3,3,0,江苏省苏州高新区金燕路9号,2016-06-09,350ml/瓶,合格,姜堰区梁徐镇王石好又多超市加盟店,江苏,
怡寳饮用纯净水,苏州华新达饮品技术有限公司,3,3,0,江苏省苏州高新区金燕路9号,2016-06-08,350ml/瓶,合格,泰州市易莲超市有限公司,江苏,
怡寶饮用纯净水,富景（天津）食品有限公司,3,3,0,天津市武清区崔黄口镇宏达道2号,20151007AP,555毫升/瓶,合格,北京美廉美连锁商业有限公司德胜门超市,北京,
怡寶饮用纯净水,富景（天津）食品有限公司,3,3,0,天津市武清区崔黄口镇宏达道2号,20151103,555毫升/瓶,合格,黄志明,北京,
怡寶饮用纯净水,富景（天津）食品有限公司,3,3,0,天津市武清区崔黄口镇宏达道2号,2014-7-29,555毫升/瓶,合格,北京奥士凯物美商业有限公司朝内菜市场,北京,包括品质指标、重金属、食品添加剂、微生物和其他污染物指标等53个指标。
怡寶饮用纯净水,徐州西满食品饮料有限公司,3,3,0,江苏省徐州市铜山区徐州高新技术产业开发区徐锻科技产业园,2016-09-06,555毫升/瓶,合格,涡阳县公吉寺镇张亚如购物超市,安徽,
怡寶饮用纯净水,徐州西满食品饮料有限公司,3,3,0,江苏省徐州市铜山区徐州高新技术产业开发区徐锻科技产业园,2016-08-30,555毫升/瓶,合格,涡阳县高公镇张丽食品店,安徽,
怡寶饮用纯净水,徐州西满食品饮料有限公司,3,3,0,江苏省徐州市铜山区徐州高新技术产业开发区徐锻科技产业园,2016-08-26,555毫升/瓶,合格,涡阳县涡北星辉超市,安徽,
怡寶饮用纯净水,汕头市宝花食品饮料有限公司,3,3,0,广东省汕头市龙湖区新溪镇金新路（金新公路）东侧工业区1-2层,2016-07-05,350毫升/瓶,合格,汕头市宝花食品饮料有限公司,广东,
怡寶饮用纯净水,汕头市宝花食品饮料有限公司,3,3,0,汕头市龙湖区新溪镇金新路（金新公路）东侧工业区1-2层,2016-06-28,350毫升/瓶,合格,汕头市长盛行百货有限公司荃景湾分店,广东,
怡寶饮用纯净水,汕头市宝花食品饮料有限公司,3,3,0,汕头市龙湖区新溪镇金新路（金新公路）东侧工业区1-2层,2016-05-22,350毫升/瓶,合格,惠东县白花镇新天地购物商场,广东,
怡寶饮用纯净水,广州市信联包装容器实业有限公司,3,3,0,广州市增城新塘镇创强路126号,2016-06-29,350ml/瓶,合格,广州易初莲花连锁超市有限公司天河分公司,广东,
怡寶饮用纯净水,广州市信联包装容器实业有限公司,3,3,0,广州市增城新塘镇创强路126号,2016-06-26,350ml/瓶,合格,广州市白云区松洲好亦佳购物商场,广东,
怡寶饮用纯净水,广州市信联包装容器实业有限公司,3,3,0,广州市增城新塘镇创强路126号,2016-06-19,350ml/瓶,合格,广州易初莲花连锁超市有限公司花都分公司,广东,
怡宝饮用纯净水,苏州华新达饮品技术有限公司,3,3,0,高新区金燕路9号,2016-08-20,4.5L/瓶,合格,苏州市金阊区陈赵虎食品百货商店,江苏,
怡宝饮用纯净水,苏州华新达饮品技术有限公司,3,3,0,江苏省苏州高新区金燕路9号,2016-06-28,4.5L/瓶,合格,郎溪县涛城镇爱兰超市,安徽,
怡宝饮用纯净水,苏州华新达饮品技术有限公司,3,3,0,江苏省苏州市高新区金燕路9号,2014-10-29,4.5L/瓶,合格,苏州华新达饮品技术有限公司,江苏,包括品质指标、重金属、食品添加剂、微生物和其他污染物指标等53个指标。
怡宝饮用纯净水,华润怡宝饮料(六安)有限公司,3,3,0,安徽省六安市经济技术开发区,2016-06-23,555ml/瓶,合格,合肥联家商贸发展有限公司第九分公司,安徽,
怡宝饮用纯净水,华润怡宝饮料(六安)有限公司,3,3,0,安徽省六安市经济技术开发区,2016-06-13,555ml/瓶,合格,合肥长江批发市场金汇食品商行,安徽,
怡宝饮用纯净水,华润怡宝饮料(六安)有限公司,3,3,0,安徽省六安市经济技术开发区,2016-05-26,555ml/瓶,合格,合肥壹顶壹超市有限公司,安徽,
怡宝饮用纯净水,南宁诚意包装有限公司,3,3,0,南宁市科园西十路15号,2016-07-30,555毫升,合格,平南县爱加乐商行,广西,
怡宝饮用纯净水,南宁诚意包装有限公司,3,3,0,南宁市科园西十路15号,2016-05-28,555毫升,合格,平南县惠万家超市冬笋塘店,广西,
怡宝饮用纯净水,南宁诚意包装有限公司,3,3,0,南宁市科园西十路15号,2016-04-02,555毫升,合格,平南县平南镇万红超市平安店,广西,
怡宝饮用纯净水,上海麒麟食品有限公司,3,3,0,上海市嘉定区安亭镇泰顺路888号,2016-08-01,555毫升/瓶,合格,上海麒麟食品有限公司,上海,
怡宝饮用纯净水,上海麒麟食品有限公司,3,3,0,上海市嘉定区安亭镇泰顺路888号,2016-07-22,555毫升/瓶,合格,上海迪亚零售有限公司人民店,上海,
怡宝饮用纯净水,上海麒麟食品有限公司,3,3,0,上海市嘉定区安亭镇泰顺路888号,2016-02-25,555毫升/瓶,合格,上海麒麟食品有限公司,上海,
怡宝饮用纯净水,上海麒麟食品有限公司,3,3,0,上海市嘉定区安亭镇泰顺路888号,2016-07-07,350毫升/瓶,合格,上海麒麟食品有限公司,上海,
怡宝饮用纯净水,上海麒麟食品有限公司,3,3,0,上海市嘉定区安亭镇泰顺路888号,2016-07-05,350毫升/瓶,合格,上海迪亚零售有限公司人民店,上海,
怡宝饮用纯净水,上海麒麟食品有限公司,3,3,0,上海市嘉定区安亭镇泰顺路888号,2016-01-03,350毫升/瓶,合格,上海麒麟食品有限公司,上海,
怡宝饮用纯净水,上海麒麟食品有限公司,3,3,0,上海市嘉定区安亭镇泰顺路888号,2016-04-28,350ml/瓶,合格,特易购商业(江苏)有限公司无锡华夏分公司,江苏,
怡宝饮用纯净水,上海麒麟食品有限公司,3,3,0,上海市嘉定区安亭镇泰顺路888号,2016-01-04,350ml/瓶,合格,南京诚隆商娱购物中心有限公司,江苏,
怡宝饮用纯净水,上海麒麟食品有限公司,3,3,0,上海市嘉定区安享镇泰顺路888号,2015-02-04,350ml/瓶,合格,葫芦岛市南票商厦有限公司,辽宁,
怡宝饮用纯净水,华润食品饮料（成都）有限公司,3,3,0,成都市双流县西航港经济开发区西航港大道一段,2015-11-09,555ml/瓶,合格,四川永辉超市有限公司成都龙泉驿区皇冠国际分公司,四川,
怡宝饮用纯净水,华润食品饮料（成都）有限公司,3,3,0,成都市双流县西航港经济开发区西航港大道一段2388,2014-8-20,555ml/瓶,合格,陕西华润万家生活超市有限公司商洛市名人街分公司,陕西,包括品质指标、重金属、食品添加剂、微生物和其他污染物指标等53个指标。
怡宝饮用纯净水,华润食品饮料（成都）有限公司,3,3,0,成都市双流县西航港经济开发区西航港大道一段2388号,2014-8-15,555ml/瓶,合格,志丹县阳光家家乐副食门市,陕西,包括品质指标、重金属、食品添加剂、微生物和其他污染物指标等53个指标。
怡宝饮用纯净水,南宁诚意包装有限公司,3,3,0,南宁市科园西十路15号,2014-9-16,350ml/瓶,合格,星港日用百货超市,广西,包括品质指标、重金属、食品添加剂、微生物和其他污染物指标等53个指标。
怡宝饮用纯净水,南宁诚意包装有限公司,3,3,0,南宁市科园西十路15号,2014-9-5,350ml/瓶,合格,南宁市人人乐商业有限公司,广西,包括品质指标、重金属、食品添加剂、微生物和其他污染物指标等53个指标。
怡宝饮用纯净水,南宁诚意包装有限公司,3,3,0,南宁市科园西十路15号,2014-6-29,350ml/瓶,合格,宾阳县盛世百汇商贸有限公司,广西,包括品质指标、重金属、食品添加剂、微生物和其他污染物指标等53个指标。
怡宝饮用纯净水,四川利宝食品有限公司,3,3,0,四川省广汉市海口路1号,2015-06-04,350ml/瓶,合格,凉山州中集华信置业有限公司中集超市祥和分店,四川,
怡宝饮用纯净水,四川利宝食品有限公司,3,3,0,四川省广汉市海口路1号,2014-8-9,350ml/瓶,合格,陕西民生家乐商业连锁有限责任公司民生家乐安康巴山店,陕西,包括品质指标、重金属、食品添加剂、微生物和其他污染物指标等53个指标。
怡宝饮用纯净水,四川利宝食品有限公司,3,3,0,四川省广汉市海口路1号,2014-7-29,350ml/瓶,合格,宝鸡大润发商业有限公司,陕西,包括品质指标、重金属、食品添加剂、微生物和其他污染物指标等53个指标。
怡宝饮用纯净水,苏州华新达饮品技术有限公司,3,3,0,江苏省苏州高新区金燕路9号,2016-04-03,555mL/瓶,合格,无锡大统华购物有限公司丹阳开发区分公司,江苏,
怡宝饮用纯净水,苏州华新达饮品技术有限公司,3,3,0,江苏省苏州高新区金燕路9号,2016-2-22,555mL/瓶,合格,靖江市鑫宏发百货超市万健加盟店,江苏,
怡宝饮用纯净水,苏州华新达饮品技术有限公司,3,3,0,江苏省苏州市高新区金燕路9号,2014-10-26,555mL/瓶,合格,苏州华新达饮品技术有限公司,江苏,包括品质指标、重金属、食品添加剂、微生物和其他污染物指标等53个指标。
怡宝饮用纯净水,苏州华新达饮品技术有限公司,3,3,0,江苏省苏州高新区金燕路9号,2016-04-03,555mL/瓶,合格,无锡大统华购物有限公司丹阳开发区分公司,江苏,
怡宝饮用纯净水,苏州华新达饮品技术有限公司,3,3,0,江苏省苏州高新区金燕路9号,2016-2-22,555mL/瓶,合格,靖江市鑫宏发百货超市万健加盟店,江苏,
怡宝饮用纯净水,苏州华新达饮品技术有限公司,3,3,0,江苏省苏州市高新区金燕路9号,2014-10-26,555mL/瓶,合格,苏州华新达饮品技术有限公司,江苏,包括品质指标、重金属、食品添加剂、微生物和其他污染物指标等53个指标。
泸天化纯净水,泸州弘润资产经营有限公司,3,3,0,泸天化公司内,2015-09-30,18.9L/桶,合格,泸州弘润资产经营有限公司,四川,
泸天化纯净水,泸州弘润资产经营有限公司,3,3,0,四川省泸州市纳溪区泸天化视讯大楼,2015-1-6,18.9L/桶,合格,泸州弘润资产经营有限公司,四川,包括品质指标、重金属、其他污染物、食品添加剂、微生物指标等53个指标。
泸天化纯净水,泸州弘润资产经营有限公司,3,3,0,四川省泸州市纳溪区泸天化视讯大楼,2015-1-4,18.9L/桶,合格,泸州弘润资产经营有限公司,四川,包括品质指标、重金属、其他污染物、食品添加剂、微生物指标等53个指标。
滢源饮用水,宁波市镇海热力有限责任公司蛟川矿泉水厂,3,3,0,蛟川街道镇宁东路235号,2016-11-21,18.9L/桶,合格,宁波市镇海热力有限责任公司蛟川矿泉水厂,浙江,
滢源饮用水,宁波市镇海热力有限责任公司蛟川矿泉水厂,3,3,0,镇宁东路235号,2016-09-18,18.9L/桶,合格,宁波市镇海热力有限责任公司蛟川矿泉水厂,浙江,
滢源饮用水,宁波市镇海热力有限责任公司蛟川矿泉水厂,3,3,0,浙江省宁波市镇海区蛟川街道宁东路235号,2016-08-18,18.9L/桶,合格,宁波市镇海热力有限责任公司蛟川矿泉水厂,浙江,
梵净泉水饮用天然泉水,贵州梵净山实业有限公司松桃分公司,3,3,0,贵州省铜仁市松桃县蓼皋镇樟桂村严家组,2016-09-21,18.9L/桶,合格,贵州梵净山实业有限公司松桃分公司,贵州,
梵净泉水饮用天然泉水,贵州梵净山实业有限公司松桃分公司,3,3,0,贵州省铜仁市松桃县蓼皋镇樟桂村,2016-05-06,18.9L/桶,合格,贵州梵净山实业有限公司松桃分公司,贵州,
梵净泉水饮用天然泉水,贵州梵净山实业有限公司松桃分公司,3,3,0,贵州省铜仁地区松桃县蓼皋镇北路,2014-10-21,18.9L/桶,合格,贵州梵净山实业有限公司松桃分公司,贵州,包括品质指标、重金属、食品添加剂、微生物和其他污染物指标等53个指标。
梵天淼康饮用天然泉水,江口县梵天淼康山泉水有限公司,3,3,0,贵州省铜仁市江口县坝盘镇挂扣村田坝组,2016-09-07,18.9L/桶,合格,江口县梵天淼康山泉水有限公司,贵州,
梵天淼康饮用天然泉水,江口县梵天淼康山泉水有限公司,3,3,0,贵州省铜仁市江口县坝盘镇挂扣村田坝组,2016-06-28,18.9L/桶,合格,江口县梵天淼康山泉水有限公司,贵州,
梵天淼康饮用天然泉水,江口县梵天淼康山泉水有限公司,3,3,0,贵州省铜仁市江口县坝盘镇桂和村田坝组,2016-04-13,18.9L/桶,合格,江口县梵天淼康山泉水有限公司,贵州,
梵岳冰泉饮用天然泉水,印江县龙洞山泉有限公司,3,3,0,贵州省铜仁市印江县天堂镇水田村,2016-09-03,18.9L/桶,合格,印江县龙洞山泉有限公司,贵州,
梵岳冰泉饮用天然泉水,印江县龙洞山泉有限公司,3,3,0,印江县自治县天堂镇水田村,2016-06-22,18.9L/桶,合格,蔡文学（个体工商户）,贵州,
梵岳冰泉饮用天然泉水,印江县龙洞山泉有限公司,3,3,0,贵州省铜仁市印江县天堂镇水田村,2016-04-16,18.9L/桶,合格,印江县龙洞山泉有限公司,贵州,
雲天山泉饮用纯净水,哈密市石油基地天山饮料厂,3,3,0,哈密市石油基地农副产品加工园区,20160819,550ml/瓶,合格,哈密市石油基地天山饮料厂,新疆,
雲天山泉饮用纯净水,哈密市石油基地天山饮料厂,3,3,0,哈密市石油基地农副产品加工园区,20160712,550ml/瓶,合格,哈密市石油基地天山饮料厂,新疆,
雲天山泉饮用纯净水,哈密市石油基地天山饮料厂,3,3,0,哈密市石油基地农副产品加工园区,20160602,550ml/瓶,合格,哈密市石油基地天山饮料厂,新疆,
鹭栖泉饮用纯净水,南京大吉泉水饮料有限公司,3,3,0,南京市浦口区汤泉镇大塘湖,2016-10-18,350ml/瓶,合格,南京大吉泉水饮料有限公司,江苏,
鹭栖泉饮用纯净水,南京大吉泉水饮料有限公司,3,3,0,南京市浦口区汤泉镇大塘湖,2016-8-24,350ml/瓶,合格,南京大吉泉水饮料有限公司,江苏,
鹭栖泉饮用纯净水,南京大吉泉水饮料有限公司,3,3,0,南京浦口区汤泉镇大塘湖,2014-12-19,350ml/瓶,合格,南京大吉泉水饮料有限公司,江苏,包括品质指标、重金属、其他污染物、食品添加剂、微生物指标等53个指标。
蛟川饮用纯净水,宁波市镇海蛟川水业有限公司,3,3,0,九龙湖镇九龙湖村（长胜自然村）,2016-11-19,18.5L/桶,合格,宁波市镇海蛟川水业有限公司,浙江,
蛟川饮用纯净水,宁波市镇海蛟川水业有限公司,3,3,0,镇海区九龙湖镇九龙湖村,2016-08-17,18.5L/桶,合格,宁波市镇海蛟川水业有限公司,浙江,
蛟川饮用纯净水,宁波市镇海蛟川水业有限公司,3,3,0,浙江省宁波市镇海区九龙湖镇九龙湖村,2016-07-10,18.5L/桶,合格,宁波市镇海蛟川水业有限公司,浙江,
霈露饮用纯净水,宿州市祥丰商贸有限公司,3,3,0,安徽省宿州市埇桥区循环经济示范园,2016-10-09,560ml/瓶,合格,宿州市埇桥区芦岭镇侯兰云烟酒店,安徽,
霈露饮用纯净水,宿州市祥丰商贸有限公司,3,3,0,安徽省宿州市埇桥区循环经济示范园,2016-09-19,560ml/瓶,合格,宿州市埇桥区芦岭镇侯兰云烟酒店,安徽,
霈露饮用纯净水,宿州市祥丰商贸有限公司,3,3,0,安徽省宿州市埇桥区循环经济示范园,2016-09-12,560ml/瓶,合格,宿州市埇桥区冯广亮超市,安徽,
+C柠檬味汽水,湖南中粮可口可乐饮料有限公司,2,2,0,长沙经济开发区星沙大道9号,2016-01-03,500mL/瓶,合格,湄潭县福乐多商贸有限公司,贵州,
+C柠檬味汽水,湖南中粮可口可乐饮料有限公司,2,2,0,长沙经济技术开发区星沙大道9号,2015-10-14,500mL/瓶,合格,凯里市华连超市,贵州,
+C柠檬味汽水,可口可乐(吉林)饮料有限公司,2,2,0,长春经济技术开发区浦东路3825号,2016-03-05,500mL/瓶,合格,沃尔玛(吉林)百货有限公司松原伯都讷大街分店,吉林,
+C柠檬味汽水,可口可乐(吉林)饮料有限公司,2,2,0,长春经济技术开发区浦东路3825号,2016-01-03,500mL/瓶,合格,通化市博利商贸有限公司光明分公司,吉林,
1+2原味即溶咖啡饮品,东莞雀巢有限公司,2,2,0,东莞市南城区莞太大道123号,2016-01-21,105克（7条×15克）/盒,合格,揭西县河婆镇万昌隆百货商场,广东,
1+2原味即溶咖啡饮品,东莞雀巢有限公司,2,2,0,东莞市南城区莞太大道123号,2015/11/4,105克（7条×15克）/盒,合格,孝感市孝武超市有限公司交通店,湖北,包括品质指标、重金属指标以及食品添加剂指标和微生物指标等12个项目
10%桑果汁饮料,德昌元坤绿色果业有限公司,2,2,0,四川德昌轻纺食品工业园区,2015-09-01,500ml/瓶,合格,德昌县元坤果业有限公司,四川,
10%桑果汁饮料,德昌元坤绿色果业有限公司,2,2,0,四川德昌轻纺食品工业园区,2015-09-01,500ml/瓶,合格,会理县世纪华联超市,四川,
100%橙汁,江苏汇源食品饮料有限公司,2,2,0,亭湖区经济开发区飞驰大道26号,2016-03-07,200mL/盒,合格,江苏汇源食品饮料有限公司,江苏,
100%橙汁,江苏汇源食品饮料有限公司,2,2,0,江苏省盐城市亭湖经济开发区飞驰大道26号,2015-08-12,200mL/盒,合格,上海嘉定乐购生活购物有限公司义乌北苑分公司,浙江,
100%橙汁,河北喜奥保健食品有限责任公司,2,2,0,河北省衡水市饶阳县喜奥南大街229号,2016-03-26 F,255ml/瓶,合格,乐天超市有限公司天津北辰店,天津,
100%橙汁,河北喜奥保健食品有限责任公司,2,2,0,河北省衡水市饶阳县喜奥大街229号,2016-01-22,255ml/瓶,合格,临沂市好怡嘉商贸有限公司,山东,
100%红葡萄汁,河北喜奥保健食品有限责任公司,2,2,0,河北省衡水市饶阳县喜奥南大街229号,2015-12-12/------,250ml/瓶,合格,无锡旺市百利百货有限公司,江苏,
100%红葡萄汁,河北喜奥保健食品有限责任公司,2,2,0,河北省衡水市饶阳县喜奥南大街229号,2016-05-24,250ml/瓶,合格,徐州悦家商业有限公司,江苏,
100%苹果汁,北京汇源食品饮料有限公司,2,2,0,北京市顺义区北小营镇,B20151015,200mL/盒,合格,北京沃尔玛百货有限公司知春路分店,北京,
100%苹果汁,北京汇源食品饮料有限公司,2,2,0,北京市顺义区北小营镇,2015/9/16,200mL/盒,合格,安阳市新企龙商贸有限责任公司华联优品生活广场开发区分店,河南,包括品质指标、重金属指标以及食品添加剂指标和微生物指标等12个项目
100%苹果汁,上海爱之味食品有限公司,2,2,0,上海市松江区川沙新车墩镇北松公路5268号,2016-06-14,330ml/盒,合格,上海爱之味食品有限公司,上海,
100%苹果汁,上海爱之味食品有限公司,2,2,0,上海市松江区车墩镇北松公路5268号,2016-04-12,330ml/盒,合格,上海爱之味食品有限公司,上海,
100%葡萄汁,北京汇源食品饮料有限公司,2,2,0,北京市顺义区北小营镇,2016-08-10,200ml/盒,合格,江苏乐天玛特商业有限公司睢宁店,江苏,
100%葡萄汁,北京汇源食品饮料有限公司,2,2,0,北京市顺义区北小营镇,2015-05-08,200ml/盒,合格,炉霍县华源商行,四川,
100%葡萄汁,北京汇源食品饮料有限公司,2,2,0,北京市顺义区北小营镇,20161208,1L/盒,合格,北京汇源食品饮料有限公司,北京,
100%葡萄汁,北京汇源食品饮料有限公司,2,2,0,北京市顺义区北小营镇,2016-7-12,1L/盒,合格,深圳沃尔玛百货零售有限公司西安骡马市分店,陕西,包括菌落总数、大肠菌群、霉菌、酵母、商业无菌（限以罐头加工工艺生产的罐装产品）、甜蜜素、山梨酸及其钾盐、安赛蜜、苯甲酸及其钠盐、二氧化硫残留量、糖精钠、三氯蔗糖、纳他霉素、阿斯巴甜、脱氢乙酸及其钠盐、合成着色剂（柠檬黄及其铝色淀、诱惑红及其铝色淀、赤藓红及其铝色淀、亮蓝及其铝色淀、日落黄及其铝色淀、苋菜红及其铝色淀、新红及其铝色淀、胭脂红及其铝色淀、酸性红、靛蓝及其铝色淀）、展青霉素（限以苹果、山楂为原料制成的产品）、铅、锡、邻苯基苯酚（限橙汁）、增效醚（限番茄汁、橙汁）、马拉硫磷（限番茄汁）、沙门氏菌、
100%石榴汁（酸甜型）,山东穆拉德生物医药科技有限公司,2,2,0,枣庄市峄城经济开发区福兴中路3号,2015-08-13,240ml/瓶,合格,枣庄贵诚集团购物中心有限公司贵诚超市科苑街店,山东,
100%石榴汁（酸甜型）,山东穆拉德生物医药科技有限公司,2,2,0,峰城区开发区福兴中路3号,2015-04-18,240ml/瓶,合格,台儿庄区新合作惠客隆超市,山东,
100%桃复合果蔬汁,北京汇源食品饮料有限公司,2,2,0,北京市顺义区北小营镇,2015/12/4,125mL/盒,合格,湖北翌湾电子商务有限公司（天猫超市）,浙江,包括品质指标、重金属指标以及食品添加剂指标和微生物指标等12个项目
100%桃复合果蔬汁,北京汇源食品饮料有限公司,2,2,0,北京市顺义区北小营镇,2015-07-02,125mL/盒,合格,特易购商业（浙江）有限公司桐乡庆丰中路分公司,浙江,
100%桃汁,北京汇源食品饮料有限公司,2,2,0,北京市顺义区北小营镇,B20151111,200mL/盒,合格,北京沃尔玛百货有限公司知春路分店,北京,
100%桃汁,北京汇源食品饮料有限公司,2,2,0,北京市顺义区北小营镇,2016/1/12,200mL/盒,合格,安阳市新企龙商贸有限责任公司华联优品生活广场开发区分店,河南,包括品质指标、重金属指标以及食品添加剂指标和微生物指标等12个项目
100％百香果&白葡萄复合果汁,芜湖杨燕制药有限公司,2,2,0,安徽省芜湖市九华北路生物药业科技园,2015-08-01,250毫升/盒,合格,天猫纯典旗舰店,浙江,包括品质指标、重金属指标以及食品添加剂指标和微生物指标等12个指标
100％百香果&白葡萄复合果汁,芜湖杨燕制药有限公司,2,2,0,芜湖市九华北路生物药业科技园,2015-08-01,250毫升/盒,合格,芜湖杨燕制药有限公司,安徽,包括品质指标、重金属指标以及食品添加剂指标和微生物指标等12个指标
100饮用水,吉林汇源食品饮料有限公司,2,2,0,吉林省吉林市舒兰市经济开发区兴华路12号,2016-9-4,550ml/瓶,合格,舒兰市汇源果汁专卖店,吉林,包括色度、浑浊度、耗氧量、余氯(游离氯)、三氯甲烷、四氯化碳、挥发性酚(以苯酚计)、溴酸盐、阴离子合成洗涤剂、大肠菌群、铜绿假单胞菌、铅、总砷、镉、亚硝酸盐。
100饮用水,吉林汇源食品饮料有限公司,2,2,0,吉林省吉林市舒兰市经济开发区兴华路12号,2016-7-10,550ml/瓶,合格,舒兰市汇源果汁专卖店,吉林,包括色度、浑浊度、耗氧量、余氯(游离氯)、三氯甲烷、四氯化碳、挥发性酚(以苯酚计)、溴酸盐、阴离子合成洗涤剂、大肠菌群、铜绿假单胞菌、铅、总砷、镉、亚硝酸盐。
13元素包装饮用水,桂阳神农谷食品饮料有限公司,2,2,0,桂阳县四里镇竹山村凤神山,2016-08-21,330mL/瓶,合格,桂阳神农谷食品饮料有限公司,湖南,
13元素包装饮用水,桂阳神农谷食品饮料有限公司,2,2,0,桂阳县四里镇竹山村凤神山,2016-03-06,330mL/瓶,合格,桂阳神农谷食品饮料有限公司,湖南,
13元素包装饮用水,桂阳神农谷食品饮料有限公司,2,2,0,桂阳县四里镇竹山村凤神山,2016-08-28,520mL/瓶,合格,桂阳神农谷食品饮料有限公司,湖南,
13元素包装饮用水,桂阳神农谷食品饮料有限公司,2,2,0,桂阳县四里镇竹山村凤神山,2016-04-01,520mL/瓶,合格,桂阳神农谷食品饮料有限公司,湖南,
21°饮用水,自贡市彩彩乐饮品有限责任公司,2,2,0,自贡市大安区和平乡胜利村,2016-04-27,18.9升/桶,合格,自贡市彩彩乐饮品有限责任公司,四川,
21°饮用水,自贡市彩彩乐饮品有限责任公司,2,2,0,自贡市大安区和平乡胜利村,2015-10-21,18.9升/桶,合格,自贡市彩彩乐饮品有限责任公司,四川,
240ml/罐,沂水县全福食品有限公司,2,2,0,沂水县经济开发区,2016-10-11,九水,合格,沂水县全福食品有限公司,山东,
240ml/罐,沂水县全福食品有限公司,2,2,0,沂水县经济开发区,2016-10-05,九水,合格,沂水县全福食品有限公司,山东,
240ml/罐,山东乐福记食品有限公司,2,2,0,山东省沂水县长安路（原沂新路）,2016-09-16,乐福记,合格,山东乐福记食品有限公司,山东,
240ml/罐,山东乐福记食品有限公司,2,2,0,山东省沂水县长安路（原沂新路）,2016-08-06,乐福记,合格,山东乐福记食品有限公司,山东,
268克花色米酒饮品,孝感酒久香米酒食品有限公司,2,2,0,孝感市孝南经济开发区南区福龙南路,2016-04-26,268克/杯,合格,孝感酒久香米酒食品有限公司,湖北,
268克花色米酒饮品,孝感酒久香米酒食品有限公司,2,2,0,湖北孝感市孝南经济开发区南区福龙南路,2016-03-24,268克/杯,合格,孝感酒久香米酒食品有限公司,湖北,
30%橙汁饮料,张家港市侬侬饮料食品有限公司,2,2,0,锦丰镇杨锦公路长兴桥畔,2015-03-02,500ml/瓶,合格,镇江京口润京商业有限公司,江苏,
30%橙汁饮料,张家港市侬侬饮料食品有限公司,2,2,0,锦丰镇杨锦公路长兴桥畔,2015-03-02,500ml/瓶,合格,常州关河大润发商业有限公司天宁分公司,江苏,
30%混合果蔬（饮料）,农夫山泉浙江千岛湖有限公司,2,2,0,淳安县千岛湖经济开发区,2016-6-15,500mL/瓶,合格,鹰潭市大观园超市,江西,
30%混合果蔬（饮料）,农夫山泉浙江千岛湖有限公司,2,2,0,淳安县千岛湖经济开发区,2016-5-25,500mL/瓶,合格,鹰潭市大观园超市,江西,
3合1即溶咖啡（原味）,天津普天童乐食品有限公司,2,2,0,,2016-04-06,130g/罐,合格,,天津,
3合1即溶咖啡（原味）,天津普天童乐食品有限公司,2,2,0,,2016-03-15,130g/罐,合格,,天津,
4125纯净水,鄱阳县赣源贸易有限公司,2,2,0,江西省鄱阳县团林乡三十里康村,2016-5-26,17L/桶,合格,鄱阳县赣源贸易有限公司,江西,
4125纯净水,鄱阳县赣源贸易有限公司,2,2,0,江西省鄱阳县团林乡三十里康村,2016-5-24,17L/桶,合格,鄱阳县赣源贸易有限公司,江西,
5+2蔬果乳饮品（红色）,黑龙江完达山阳光乳业有限公司,2,2,0,黑龙江省哈尔滨市高新技术产业开发区迎宾路集中区崂山路2号,2016-03-05,250mL/盒,合格,齐齐哈尔鹤城嘉华食品超市有限公司,黑龙江,
5+2蔬果乳饮品（红色）,黑龙江完达山阳光乳业有限公司,2,2,0,黑龙江省哈尔滨市高新技术产业开发区迎宾路集中区崂山路2号,2016-02-26,250mL/盒,合格,集贤县昱腾奇特超市,黑龙江,
5A奶茶（原味）,南京小洋人生物科技发展有限公司,2,2,0,南京市溧水区经济开发区红光西路8号,2014-11-11,70g/杯,合格,南京小洋人生物科技发展有限公司,江苏,包括品质指标、重金属、其他污染物、食品添加剂、微生物指标等53个指标。
5A奶茶（原味）,南京小洋人生物科技发展有限公司,2,2,0,南京市溧水区经济开发区红光西路8号,2014-9-7,70g/杯,合格,南京小洋人生物科技发展有限公司,江苏,包括品质指标、重金属、食品添加剂、微生物和其他污染物指标等53个指标。
5珍杏浓缩型饮料（杏子味）,武汉康乐药业股份有限公司,2,2,0,（湖北省）武汉经济技术开发区勤业路29号,2016-03-07,500g/瓶,合格,武汉武商量贩连锁有限公司汉川量贩店,湖北,
5珍杏浓缩型饮料（杏子味）,武汉康乐药业股份有限公司,2,2,0,武汉经济技术开发区勤业路29号,2016-03-07,500g/瓶,合格,武汉武商量贩连锁有限公司孝感北京路量贩店,湖北,
7-SIGNATURE 饮用纯净水,中山市中盛矿泉水有限公司,2,2,0,中山市五桂山镇第三工业区,2016-09-05,700ml/瓶,合格,中山市中盛矿泉水有限公司,广东,
7-SIGNATURE 饮用纯净水,中山市中盛矿泉水有限公司,2,2,0,中山市五桂山镇第三工业区,2016-09-01,700ml/瓶,合格,中山市中盛矿泉水有限公司,广东,
7喜冰爽柠檬味汽水,武汉百事可乐饮料有限公司,2,2,0,中国武汉市东西湖区七支沟,2016-6-22 20160622,330毫升/罐,合格,中百仓储超市有限公司常青路购物广场,湖北,包括菌落总数、大肠菌群、霉菌、酵母、苯甲酸及其钠盐、甜蜜素、山梨酸及其钾盐、安赛蜜、糖精钠、合成着色剂（柠檬黄及其铝色淀、诱惑红及其铝色淀、赤藓红及其铝色淀、亮蓝及其铝色淀、日落黄及其铝色淀、苋菜红及其铝色淀、新红及其铝色淀、胭脂红及其铝色淀、靛蓝及其铝色淀）、阿斯巴甜、三氯蔗糖（蔗糖素）、咖啡因（限可乐型碳酸饮料）、铅、锡、二氧化碳气容量。
7喜冰爽柠檬味汽水,武汉百事可乐饮料有限公司,2,2,0,湖北省武汉市东西湖区七支沟,2016-01-25,330毫升/罐,合格,京东京东自营,北京,包括品质指标、重金属指标以及食品添加剂指标和微生物指标等12个指标
7喜冰爽柠檬味汽水,北京百事可乐饮料有限公司,2,2,0,北京市大红门镇团河路（金星段）55号,20151228 AL,330毫升/罐,合格,北京百事可乐饮料有限公司,北京,
7喜冰爽柠檬味汽水,北京百事可乐饮料有限公司,2,2,0,北京市大兴区西红门镇团河路（金星段）55号,2016-02-27,330毫升/罐,合格,北京广合鸿金进商贸中心,北京,
7喜冰爽柠檬味汽水,杭州百事可乐饮料有限公司,2,2,0,杭州经济技术开发区M10—23—2,2015-07-06  20150706,600毫升/瓶,合格,杭州物美竟宁百货有限公司第一分公司,浙江,品质指标、重金属指标、非食用物质以及食品添加剂指标和微生物指标等31个指标
7喜冰爽柠檬味汽水,杭州百事可乐饮料有限公司,2,2,0,杭州经济技术开发区M10-23-2,2015-5-16,600毫升/瓶,合格,慈溪大润发商贸有限公司,浙江,品质指标、重金属指标、非食用物质以及食品添加剂指标和微生物指标等31个指标
7喜冰爽柠檬味汽水,武汉百事可乐饮料有限公司,2,2,0,中国武汉市东西湖七支沟,2016-10-16,330mL/罐,合格,武汉武商量贩连锁有限公司岳家嘴量贩店,湖北,
7喜冰爽柠檬味汽水,武汉百事可乐饮料有限公司,2,2,0,武汉市东西湖区七支沟,2014-10-22,330mL/罐,合格,武汉百事可乐饮料有限公司,湖北,包括品质指标、重金属、食品添加剂、微生物和其他污染物指标等53个指标。
8000年饮用天然泉水,贵州荣盛（集团）八千年矿泉饮料有限公司,2,2,0,贵州省兴义市桔山路一号,2016-4-8,18.9L/桶,合格,贵州荣盛（集团）八千年矿泉饮料有限公司,贵州,
8000年饮用天然泉水,贵州荣盛（集团）八千年矿泉饮料有限公司,2,2,0,兴义市桔山路1号,2016-03-08,18.9L/桶,合格,贵州荣盛（集团）八千年矿泉饮料有限公司,贵州,
8月农庄饮用纯净水,奇台县鑫丰源食品有限责任公司,2,2,0,新疆奇台县城南食品工业园区,2015-07-15,550ml/瓶,合格,奇台县鑫丰源食品有限责任公司,新疆,
8月农庄饮用纯净水,奇台县鑫丰源食品有限责任公司,2,2,0,新疆奇台县城南食品工业园区,2015-06-19,550ml/瓶,合格,乌鲁木齐市沙依巴克区金域顺达百货超市,兵团,
AD钙奶饮料,内蒙古娃哈哈食品有限公司,2,2,0,巴彦淖尔市经济开发区八一工业园区,2016-12-06,220g/瓶,合格,北京华联综合超市股份有限公司呼和浩特分公司,内蒙古,包括铅（以Pb计）、菌落总数、大肠菌群、霉菌、酵母、商业无菌、氰化物（以CN-计）、脲酶试验、苯甲酸及其钠盐（以苯甲酸计）、三氯蔗糖、阿斯巴甜、脱氢乙酸、糖精钠（以糖精计）、安赛蜜、山梨酸及其钾盐（以山梨酸计）、合成着色剂（诱惑红、柠檬黄、胭脂红、苋菜红、日落黄、亮蓝、酸性红）、甜蜜素、沙门氏菌、金黄色葡萄球菌、防腐剂混合使用时各自用量占其最大使用量的比例之和、三聚氰胺、蛋白质。
AD钙奶饮料,内蒙古娃哈哈食品有限公司,2,2,0,巴彦淖尔经济技术开发区八一工业园区,2016-05-09,220g/瓶,合格,回民区鼎盛祥烟酒城,内蒙古,包括品质指标、重金属指标以及食品添加剂指标和微生物指标等12个指标
AD钙奶饮料,内蒙古娃哈哈食品有限公司,2,2,0,巴彦淖尔经济技术开发区八一工业园区,2016-08-06 20160806NM,100g×6瓶/排,合格,北京华联综合超市股份有限公司呼和浩特分公司,内蒙古,包括菌落总数（除未杀菌（活菌）型蛋白饮料）、大肠菌群、霉菌、酵母、蛋白质、乳酸菌（限未杀菌（活菌）型蛋白饮料）、三氯蔗糖、阿斯巴甜、脱氢乙酸及其钠盐、合成着色剂（诱惑红及其铝色淀、柠檬黄及其铝色淀、胭脂红及其铝色淀、苋菜红及其铝色淀、日落黄及其铝色淀、亮蓝及其铝色淀）、糖精钠、安赛蜜、苯甲酸及其钠盐、山梨酸及其钾盐、甜蜜素、甜菊糖苷、铅、沙门氏菌、金黄色葡萄球菌、三聚氰胺。
AD钙奶饮料,内蒙古娃哈哈食品有限公司,2,2,0,巴彦淖尔经济技术开发区八一工业园区,2016-08-17 20160817NM,100g×6瓶/排,合格,北京华联综合超市股份有限公司呼和浩特分公司,内蒙古,包括菌落总数（除未杀菌（活菌）型蛋白饮料）、大肠菌群、霉菌、酵母、蛋白质、乳酸菌（限未杀菌（活菌）型蛋白饮料）、三氯蔗糖、阿斯巴甜、脱氢乙酸及其钠盐、合成着色剂（诱惑红及其铝色淀、柠檬黄及其铝色淀、胭脂红及其铝色淀、苋菜红及其铝色淀、日落黄及其铝色淀、亮蓝及其铝色淀）、糖精钠、安赛蜜、苯甲酸及其钠盐、山梨酸及其钾盐、甜蜜素、甜菊糖苷、铅、沙门氏菌、金黄色葡萄球菌、三聚氰胺。
AD钙奶饮料,内蒙古娃哈哈食品有限公司,2,2,0,巴彦淖尔市经济开发区八一工业园区,2017-01-04,100g/瓶,合格,呼和浩特市永盛成百货有限责任公司大西街店,内蒙古,包括铅（以Pb计）、菌落总数、大肠菌群、霉菌、酵母、商业无菌、氰化物（以CN-计）、脲酶试验、苯甲酸及其钠盐（以苯甲酸计）、三氯蔗糖、阿斯巴甜、脱氢乙酸、糖精钠（以糖精计）、安赛蜜、山梨酸及其钾盐（以山梨酸计）、合成着色剂（诱惑红、柠檬黄、胭脂红、苋菜红、日落黄、亮蓝、酸性红）、甜蜜素、沙门氏菌、金黄色葡萄球菌、防腐剂混合使用时各自用量占其最大使用量的比例之和、三聚氰胺、蛋白质。
AD钙奶饮料,内蒙古娃哈哈食品有限公司,2,2,0,巴彦淖尔市经济开发区八一工业园区,2016-10-25,100g/瓶,合格,内蒙古维多利超市连锁有限公司第二分公司,内蒙古,包括铅（以Pb计）、菌落总数、大肠菌群、霉菌、酵母、商业无菌、氰化物（以CN-计）、脲酶试验、苯甲酸及其钠盐（以苯甲酸计）、三氯蔗糖、阿斯巴甜、脱氢乙酸、糖精钠（以糖精计）、安赛蜜、山梨酸及其钾盐（以山梨酸计）、合成着色剂（诱惑红、柠檬黄、胭脂红、苋菜红、日落黄、亮蓝、酸性红）、甜蜜素、沙门氏菌、金黄色葡萄球菌、防腐剂混合使用时各自用量占其最大使用量的比例之和、三聚氰胺、蛋白质。
AD钙奶饮料,南昌娃哈哈食品有限公司,2,2,0,南昌市青山湖区民营科技园内,2016-5-9,220g/瓶,合格,武宁县福德龙购物广场,江西,
AD钙奶饮料,南昌娃哈哈食品有限公司,2,2,0,江西省南昌市青山湖区民营科技园内,2016-2-1,220g/瓶,合格,南昌百货大楼萍乡有限责任公司,江西,
AD钙奶饮料,合肥娃哈哈饮料有限公司,2,2,0,安徽省合肥市长江西路2221号,2016-6-27,220g/瓶,合格,合肥悦家商业有限公司,安徽,包括菌落总数（除未杀菌（活菌）型蛋白饮料）、大肠菌群、霉菌、酵母、蛋白质、乳酸菌（限未杀菌（活菌）型蛋白饮料）、三氯蔗糖、阿斯巴甜、脱氢乙酸及其钠盐、合成着色剂（诱惑红及其铝色淀、柠檬黄及其铝色淀、胭脂红及其铝色淀、苋菜红及其铝色淀、日落黄及其铝色淀、亮蓝及其铝色淀）、糖精钠、安赛蜜、苯甲酸及其钠盐、山梨酸及其钾盐、甜蜜素、甜菊糖苷、铅、沙门氏菌、金黄色葡萄球菌、三聚氰胺。
AD钙奶饮料,合肥娃哈哈饮料有限公司,2,2,0,合肥市长江西路2221号,2015-6-18,220g/瓶,合格,合肥庐阳区品之涵便利店,安徽,品质指标、重金属指标、非食用物质以及食品添加剂指标和微生物指标等31个指标
ALKAQUA饮用天然矿泉水,长白山统一企业（吉林）矿泉水有限公司,2,2,0,吉林省安图县二道白河镇红丰村,2016-03-19,570mL/瓶,合格,乐天荣恒（上海）超市有限公司,上海,
ALKAQUA饮用天然矿泉水,长白山统一企业（吉林）矿泉水有限公司,2,2,0,吉林省安图县二道白河镇红丰村,20150719,570mL/瓶,合格,北京超市发连锁股份有限公司超市发苹果园店,北京,
ALKAQUA饮用天然矿泉水,长白山统一企业(吉林)矿泉水有限公司,2,2,0,吉林省安图县二道白河镇红丰村,2016-07-16,570ml/瓶,合格,泸州时代龙腾商贸有限公司汇通城北商都店,四川,
ALKAQUA饮用天然矿泉水,长白山统一企业(吉林)矿泉水有限公司,2,2,0,吉林省安图县二道白河镇红丰村,2016-07-09,570ml/瓶,合格,安徽省台客隆连锁超市有限责任公司津河店,安徽,
ALKAQUA饮用天然矿泉水,长白山统一企业（吉林）矿泉水有限公司,2,2,0,吉林省安图县二道白河镇红丰村,2016-06-28,360mL/瓶,合格,苏州浒关润华商业有限公司,江苏,
ALKAQUA饮用天然矿泉水,长白山统一企业（吉林）矿泉水有限公司,2,2,0,吉林省安图县二道白河镇红丰村,2016-03-12,360mL/瓶,合格,上海世纪联华超市闸北柳营有限公司,上海,
ALKAQUA饮用天然水,武穴统一企业矿泉水有限公司,2,2,0,武穴市梅川镇绿林村绿林湾,2014-10-6,570ml,合格,洪客隆投资发展（抚州）有限公司,江西,包括品质指标、重金属、其他污染物、食品添加剂、微生物指标等53个指标。
ALKAQUA饮用天然水,武穴统一企业矿泉水有限公司,2,2,0,武穴市梅川镇绿林村绿林塆,2014-8-22,570ml,合格,上海闵行大润发商贸有限公司,上海,包括品质指标、重金属、食品添加剂、微生物和其他污染物指标等53个指标。
KRYSTAL天然碱性苏打水,黑龙江乌裕尔天然饮料研究发展有限公司,2,2,0,黑龙江省黑河市北安市福安莹水庄,2014-9-1,380ml/瓶,合格,黑龙江乌裕尔天然饮料研究发展有限公司,黑龙江,包括品质指标、重金属、食品添加剂、微生物和其他污染物指标等53个指标。
KRYSTAL天然碱性苏打水,黑龙江乌裕尔天然饮料研究发展有限公司,2,2,0,黑龙江省黑河市北安市福安莹水庄,2014-7-17,380ml/瓶,合格,黑龙江乌裕尔天然饮料研究发展有限公司,黑龙江,包括品质指标、重金属、食品添加剂、微生物和其他污染物指标等53个指标。
N30°峨眉山天然古岩矿泉水,峨眉山北纬三十度饮品有限公司,2,2,0,四川省峨眉山市绥山镇太泉村一组,2015-03-20,550ml/瓶,合格,凉山州达达商贸有限责任公司达达购物广场步行街店,四川,
N30°峨眉山天然古岩矿泉水,峨眉山北纬三十度饮品有限公司,2,2,0,四川省峨眉山市绥山镇太泉村一组,2014-7-4,550ml/瓶,合格,沃尔玛（四川）百货有限公司乐山土桥街分店,四川,包括品质指标、重金属、其他污染物、食品添加剂、微生物指标等53个指标。
N30°峨眉山天然古岩矿泉水,峨眉山北纬三十度饮品有限公司,2,2,0,四川省峨眉山市绥山镇太泉村一组,2016-08-03,380ml/瓶,合格,梅西商业有限公司乐山分公司,四川,
N30°峨眉山天然古岩矿泉水,峨眉山北纬三十度饮品有限公司,2,2,0,四川省峨眉山市绥山镇太泉村一组,2016-03-03,380ml/瓶,合格,夹江县迎春兰园超市,四川,
PH-7饮用纯净水,焦作电力集团野王食品饮料有限公司,2,2,0,焦作市岗庄水源地,2016-08-09,520ml/瓶,合格,焦作市城乡一体化示范区阳庙镇旺客隆超市,河南,
PH-7饮用纯净水,焦作电力集团野王食品饮料有限公司,2,2,0,焦作市岗庄水源地,2016-07-26,520ml/瓶,合格,焦作市城乡一体化示范区阳庙镇旺客隆超市,河南,
QQ星营养果汁酸奶饮品,济源伊利乳业有限责任公司,2,2,0,河南省济源市玉泉特色产业园,2015-09-22/20150922,200ml/瓶,合格,三门峡开发区千里红超市,河南,
QQ星营养果汁酸奶饮品,济源伊利乳业有限责任公司,2,2,0,河南省济源市玉泉特色产业园,2016-09-15,200ml/瓶,合格,舒城县城关镇妮当家快乐食品店,安徽,
QQ星营养果汁酸奶饮品（香蕉味）,湖北黄冈伊利乳业有限责任公司,2,2,0,湖北省黄冈市西湖工业园区新港路1号,2017-01-13,200mL/瓶,合格,鄂州市葛店百信购物广场,湖北,
QQ星营养果汁酸奶饮品（香蕉味）,湖北黄冈伊利乳业有限责任公司,2,2,0,湖北省黄冈市西湖工业园区新港路1号,2015-3-24,200mL/瓶,合格,广州市番禺区石基锜烁杂货店,广东,品质指标、重金属指标、非食用物质以及食品添加剂指标和微生物指标等31个指标
SPAR饮用天然矿泉水,惠州市博罗罗浮山响水矿泉水厂,2,2,0,博罗县湖镇镇响水黄塘村井水龙,2016-5-12,350毫升/瓶,合格,中山市嘉荣超市有限公司世纪新城店,广东,
SPAR饮用天然矿泉水,惠州市博罗罗浮山响水矿泉水厂,2,2,0,博罗县湖镇镇响水黄塘村井水龙,2016-05-11,350毫升/瓶,合格,东莞市嘉荣超市有限公司长安长青店,广东,
U泉饮用天然矿泉水,广东益泰饮品有限公司,2,2,0,广东省潮州市潮安区沙溪镇东山湖,2016-04-15,500ml/瓶,合格,惠来县福万家购物广场,广东,
U泉饮用天然矿泉水,广东益泰饮品有限公司,2,2,0,广东潮州市潮安区沙溪镇东山湖,2015-06-30,500ml/瓶,合格,潮州市潮安区彩塘镇石金副食店,广东,
V18巴旦姆圣乳,新疆美益天饮料有限公司,2,2,0,昌吉市大西渠镇闽昌工业园区,2016-01-10,331ml/瓶,合格,图木舒克市华瑞超市有限公司,兵团,
V18巴旦姆圣乳,新疆美益天饮料有限公司,2,2,0,昌吉市大西渠镇闽昌工业园区,20160102,331ml/瓶,合格,昌吉市隆源嘉瑞食品超市,新疆,
V18天山巴旦姆坚果慢磨原饮,新疆美益天饮料有限公司,2,2,0,昌吉市大西渠镇闽昌工业园区,20160718,331ml/瓶,合格,新疆美益天饮料有限公司,新疆,
V18天山巴旦姆坚果慢磨原饮,新疆美益天饮料有限公司,2,2,0,昌吉市大西渠镇闽昌工业园区,20160401,331ml/瓶,合格,伊宁市嘉熙超市,新疆,
V9能野生沙棘果汁饮料,内蒙古宇航人高技术产业有限责任公司,2,2,0,内蒙古呼和浩特市和林格尔盛乐经济园区成长大道,2015/8/28,320ml/瓶,合格,呼和浩特市永盛成超市有限责任公司乌兰西店,内蒙古,
V9能野生沙棘果汁饮料,内蒙古宇航人高技术产业有限责任公司,2,2,0,内蒙古呼和浩特市和林格尔盛乐经济园区成长大道,2015/3/18,320ml/瓶,合格,呼和浩特市永盛成超市有限责任公司武川店,内蒙古,
VC果乳牛奶饮品,兰州庄园牧场股份有限公司,2,2,0,榆中县三角城乡三角城村,2016-01-20,250ml/罐,合格,北京华联综合超市股份有限公司白银分公司,甘肃,
VC果乳牛奶饮品,兰州庄园牧场股份有限公司,2,2,0,榆中县三角城乡三角城村,2016-01-20,250ml/罐,合格,北京华联综合超市股份有限公司白银分公司,甘肃,
V田饮用纯净水,海城市洁洁乐饮品有限公司,2,2,0,鞍山海城市耿庄镇古城村,2016-04-16,500ml/瓶,合格,海城市洁洁乐饮品有限公司,辽宁,
V田饮用纯净水,海城市洁洁乐饮品有限公司,2,2,0,海城市耿庄镇古城村,2016-04-10,500ml/瓶,合格,盘锦市兴隆台区张侠超市,辽宁,
[冰露][纯悦]包装饮用水,可口可乐（吉林）饮料有限公司,2,2,0,长春经济技术开发区浦东路3825号,2016-03-03,550mL/瓶,合格,长春润泰商业有限公司,吉林,
[冰露][纯悦]包装饮用水,可口可乐（吉林）饮料有限公司,2,2,0,长春经济技术开发区浦东路3825号,2016-03-03,550mL/瓶,合格,吉林高新区鑫泓农贸超市,吉林,
[冰露]包装饮用水,可口可乐辽宁（中）饮料有限公司,2,2,0,沿海产业基地新联大街东一号,2016-05-24,550ml/瓶,合格,沃尔玛（辽宁）百货有限公司锦州解放路分店,辽宁,
[冰露]包装饮用水,可口可乐辽宁（中）饮料有限公司,2,2,0,沿海产业基地新联大街东一号,2016-02-26,550ml/瓶,合格,凌河区华联海锦食品超市,辽宁,
[岛上草][英格]无汽苏打饮料,漯河市日康食品饮料有限公司,2,2,0,中国（漯河）食品工业园孟南工业区纬三路16号,2016-04-05,365ml/瓶,合格,西昌金雕实业有限责任公司家佳超市,四川,
[岛上草][英格]无汽苏打饮料,漯河市日康食品饮料有限公司,2,2,0,中国（漯河）食品工业园孟南工业区纬三路16号,2016-03-04,365ml/瓶,合格,达州市世纪隆超市有限公司万达分公司,四川,
[美乐滋果粒橙]果味饮料,邵阳市广旺食品饮料有限公司,2,2,0,邵阳市北塔区狮子塘园艺场内,2016-09-09,1.25L/瓶,合格,邵阳市广旺食品饮料有限公司,湖南,
[美乐滋果粒橙]果味饮料,邵阳市广旺食品饮料有限公司,2,2,0,邵阳市北塔区狮子塘园艺场内,2015-10-27,1.25L/瓶,合格,邵阳市广旺食品饮料有限公司,湖南,
[美汁源][酷兒Qoo]橙汁饮料,可口可乐装瓶商生产（杭州）有限公司,2,2,0,杭州经济技术开发区10号大街29号（HA）,2016-06-08,450毫升/瓶,合格,安宁邓雪峰商店,甘肃,
[美汁源][酷兒Qoo]橙汁饮料,可口可乐装瓶商生产（杭州）有限公司,2,2,0,杭州经济技术开发区10号大街29号,2015-09-21,450毫升/瓶,合格,成都伊藤洋华堂有限公司建设路店,四川,
[怡泉]+C柠檬味汽水,可口可乐(吉林)饮料有限公司,2,2,0,/,2016-05-18,500mL/瓶,合格,长春华润万家生活超市有限公司,吉林,
[怡泉]+C柠檬味汽水,可口可乐(吉林)饮料有限公司,2,2,0,长春经济技术开发区浦东路3825号,2016-03-20,500mL/瓶,合格,吉林亚泰超市有限公司远达大街分公司,吉林,
go畅乳酸菌乳饮品,保定蒙牛饮料有限公司,2,2,0,河北省保定市望都县中韩庄乡高速公路引线南侧望都工业园内,2016-09-03,330ml/瓶,合格,四川洋洋百货股份有限公司,四川,
go畅乳酸菌乳饮品,保定蒙牛饮料有限公司,2,2,0,河北省保定市望都县中韩庄乡高速公路引线南侧望都工业园内,2016-08-16,330ml/瓶,合格,高邮市苏果超市卸甲加盟店,江苏,
go畅乳酸菌乳饮品（原味）,保定蒙牛饮料有限公司,2,2,0,河北省保定市望都县中韩庄乡高速公路引线南侧望都工业园内,2016-08-23,330mL,合格,玉林金城超市有限责任公司,广西,
go畅乳酸菌乳饮品（原味）,保定蒙牛饮料有限公司,2,2,0,河北省保定市望都县中韩庄乡高速公路引线南侧望都工业园内,2016-06-14,330mL,合格,玉林金城超市有限责任公司城东店,广西,
pH-7饮用纯净水,焦作电力集团野王食品饮料有限公司,2,2,0,焦作市岗庄水源地,2016-09-14,520ml,合格,武陟县小董乡福多多购物广场,河南,
pH-7饮用纯净水,焦作电力集团野王食品饮料有限公司,2,2,0,焦作市山阳区岗庄,2016-09-01,520ml,合格,武陟县群星集团商贸有限公司,河南,
寶力泉饮用纯净水,深圳市百岁宝饮水科技有限公司,2,2,0,深圳市宝安区福永街道兴围（凤凰）第三工业区A栋第一层东,2016-10-25,18升/桶,合格,深圳市百岁宝饮水科技有限公司,广东,
寶力泉饮用纯净水,深圳市百岁宝饮水科技有限公司,2,2,0,深圳市宝安区福永街道兴围（凤凰）第三工业区A栋第一层东,2016-10-24,18升/桶,合格,深圳市百岁宝饮水科技有限公司,广东,
嶚山山泉饮用纯净水,高安市太阳嶚山山泉饮品有限公司,2,2,0,江西省高安市太阳镇嶚山村,2016-6-6,18.9L/桶,合格,高安市太阳嶚山山泉饮品有限公司,江西,
嶚山山泉饮用纯净水,高安市太阳嶚山山泉饮品有限公司,2,2,0,江西省高安市太阳镇嶚山村,2016-6-4,18.9L/桶,合格,高安市太阳嶚山山泉饮品有限公司,江西,
洺源饮用纯净水,河北洺源食品有限公司,2,2,0,河北省邢台市威县县城工业区开放路南侧,2014-11-12,550mL/瓶,合格,河北洺源食品有限公司,河北,包括品质指标、重金属、其他污染物、食品添加剂、微生物指标等53个指标。
洺源饮用纯净水,河北洺源食品有限公司,2,2,0,河北省邢台市威县县城工业区开放路南侧,2014-9-16,550mL/瓶,合格,河北洺源食品有限公司,河北,包括品质指标、重金属、食品添加剂、微生物和其他污染物指标等53个指标。
涢水豆奶,随州市五色食品有限责任公司,2,2,0,湖北省随州市曾都区北郊明珠北街,2016-09-29,240mL/瓶,合格,随州市五色食品有限责任公司,湖北,
涢水豆奶,随州市五色食品有限责任公司,2,2,0,（湖北省）随州市曾都区北郊明珠北街,2016-05-26,240mL/瓶,合格,随州市五色食品有限责任公司,湖北,
瀞度天然冰川活水,青海聚能活力源饮料有限公司,2,2,0,青海省黄南藏族自治州,2014-4-10,500mL/瓶,合格,沃尔玛（河北）商业零售有限公司保定朝阳大街分店,河北,包括品质指标、重金属、食品添加剂、微生物和其他污染物指标等53个指标。
瀞度天然冰川活水,青海聚能活力源饮料有限公司,2,2,0,青海省黄南藏族自治州河南蒙古族自治县托叶玛乡曲海村,2014-4-10,500mL/瓶,合格,永旺商业有限公司天津滨海新区分公司,天津,包括品质指标、重金属、食品添加剂、微生物和其他污染物指标等53个指标。
瀞度天然矿泉水,青海聚能瀞度饮料股份有限公司,2,2,0,青海省黄南藏族自治州河南蒙古族自治县托叶玛乡曲海村,2016-06-10,500ml/瓶,合格,青海聚能瀞度饮料股份有限公司,青海,
瀞度天然矿泉水,青海聚能瀞度饮料股份有限公司,2,2,0,黄南藏族自治州河南蒙古族自治县托叶玛乡曲海村,2016-06-03,500ml/瓶,合格,农工商超市（集团）有限公司第一一八分店,上海,
“漢口老萬城”酸梅膏,武汉老万成食品有限公司,2,2,0,武汉市洪山区建设乡前锋村工业园特1号,2016-03-10,1.5千克/瓶,合格,中百仓储随州市购物广场有限公司十字街店,湖北,
“漢口老萬城”酸梅膏,武汉老万成食品有限公司,2,2,0,武汉市洪山区建设乡前锋村工业园特1号,2016-03-10,1.5千克/瓶,合格,中百仓储黄冈购物广场有限公司红安店,湖北,
“漢口老萬城”酸梅膏,武汉老万成食品有限公司,2,2,0,武汉市洪山区建设乡前锋村工业园特1号,2016-05-20,1.3千克/瓶,合格,武汉武商量贩连锁有限公司仙桃量贩店,湖北,
“漢口老萬城”酸梅膏,武汉老万成食品有限公司,2,2,0,武汉市洪山区建设乡前锋村工业园特1号,2016-03-02,1.3千克/瓶,合格,中百仓储随州市购物广场有限公司十字街店,湖北,
“冰露”“纯悦”包装饮用水,淮安合祥饮料有限公司,2,2,0,江苏省淮安市高新技术产业开发区牡丹江路89号,2016-09-01,550ml/瓶,合格,南京市六合区家悦福百货超市店,江苏,
“冰露”“纯悦”包装饮用水,淮安合祥饮料有限公司,2,2,0,高新技术产业开发区牡丹江路89号,2016-03-19,550ml/瓶,合格,苏果超市（宝应）有限公司南城根连锁店,江苏,
“好和牌”豆奶粉,随州市威龙食品有限责任公司,2,2,0,随州市交通大道K062号,2015-12-11,560g/袋,合格,湖北顺泰商贸有限公司南郊分公司,湖北,
“好和牌”豆奶粉,随州市威龙食品有限责任公司,2,2,0,随州市交通大道K061号,2014-11-1,560g/袋,合格,随州市威龙食品有限责任公司,湖北,包括品质指标、重金属、食品添加剂、微生物和其他污染物指标等53个指标。
“卓浪”牌饮用纯净水,静宁县卓浪水厂,2,2,0,甘肃省平凉市静宁县城关镇峡门村净化站院内,2016-06-16,18.9L/桶,合格,静宁县卓浪水厂,甘肃,
“卓浪”牌饮用纯净水,静宁县卓浪水厂,2,2,0,甘肃省平凉市静宁县城关镇峡门村净化站院内,2016-06-16,18.9L/桶,合格,静宁县卓浪水厂,甘肃,
〔冰露〕〔纯悦〕包装饮用水,郑州全星饮料有限公司,2,2,0,河南省郑州市高新技术开发区红叶路18号,2016-07-17/20160717ZZ,550ml/瓶,合格,文峰区果蔬园百货超市,河南,
〔冰露〕〔纯悦〕包装饮用水,郑州全星饮料有限公司,2,2,0,郑州高新技术开发区红叶路18号,2016-07-15,550ml/瓶,合格,郑州全星饮料有限公司,河南,
〔美汁源〕〔果粒橙〕橙汁饮料,可口可乐瓶装商生产（东莞）有限公司厦门分公司；委托方：可口可乐瓶装商管理服务（上海）有限公司,2,2,0,厦门市同安区同集中路1355号（无菌罐装厂房）,2016-09-29,260mL/瓶,合格,深圳市大润发商业有限公司,广东,包括菌落总数、大肠菌群、霉菌、酵母、商业无菌（限以罐头加工工艺生产的罐装产品）、甜蜜素、山梨酸及其钾盐、安赛蜜、苯甲酸及其钠盐、二氧化硫残留量、糖精钠、三氯蔗糖、纳他霉素、阿斯巴甜、脱氢乙酸及其钠盐、合成着色剂（柠檬黄及其铝色淀、诱惑红及其铝色淀、赤藓红及其铝色淀、亮蓝及其铝色淀、日落黄及其铝色淀、苋菜红及其铝色淀、新红及其铝色淀、胭脂红及其铝色淀、酸性红、靛蓝及其铝色淀）、展青霉素（限以苹果、山楂为原料制成的产品）、铅、锡、邻苯基苯酚（限橙汁）、增效醚（限番茄汁、橙汁）、马拉硫磷（限番茄汁）、沙门氏菌、金黄色葡萄球菌。
〔美汁源〕〔果粒橙〕橙汁饮料,可口可乐瓶装商生产（东莞）有限公司厦门分公司；委托方：可口可乐瓶装商管理服务（上海）有限公司,2,2,0,厦门市同安区同集中路1355号（无菌罐装厂房）,2016-07-04,260mL/瓶,合格,深圳市大润发商业有限公司,广东,包括菌落总数、大肠菌群、霉菌、酵母、商业无菌（限以罐头加工工艺生产的罐装产品）、甜蜜素、山梨酸及其钾盐、安赛蜜、苯甲酸及其钠盐、二氧化硫残留量、糖精钠、三氯蔗糖、纳他霉素、阿斯巴甜、脱氢乙酸及其钠盐、合成着色剂（柠檬黄及其铝色淀、诱惑红及其铝色淀、赤藓红及其铝色淀、亮蓝及其铝色淀、日落黄及其铝色淀、苋菜红及其铝色淀、新红及其铝色淀、胭脂红及其铝色淀、酸性红、靛蓝及其铝色淀）、展青霉素（限以苹果、山楂为原料制成的产品）、铅、锡、邻苯基苯酚（限橙汁）、增效醚（限番茄汁、橙汁）、马拉硫磷（限番茄汁）、沙门氏菌、金黄色葡萄球菌。
「冰露」饮用纯净水,北京华北富田饮品有限公司分公司；委托：北京可口可乐饮料有限公司,2,2,0,北京市怀柔区雁栖工业开发区雁栖南四街22号1幢；委托方地址：北京市北京经济技术开发区荣京东街9号,2016-04-20,550毫升/瓶,合格,北京鑫海韵通商业大楼密云百货店,北京,
「冰露」饮用纯净水,北京华北富田饮品有限公司分公司；委托：北京可口可乐饮料有限公司,2,2,0,北京市怀柔区雁栖经济开发区雁栖南四街22号1幢；委托方地址：北京市北京经济技术开发区荣京东街9号,2016-01-16,550毫升/瓶,合格,北京大星发蔬菜水果市场有限公司,北京,
「美汁源」「热带·果粒」复合果汁饮料,可口可乐装瓶商生产（武汉）有限公司,2,2,0,武汉市东西湖区走马岭汇通大道2号,2015-2-4,1.25L/瓶,合格,广州市西亚兴安商业有限公司坑口分店,广东,品质指标、重金属指标、非食用物质以及食品添加剂指标和微生物指标等31个指标
「美汁源」「热带·果粒」复合果汁饮料,可口可乐装瓶商生产（武汉）有限公司,2,2,0,武汉市东西湖区走马岭汇通大道2号,2014-12-2,1.25L/瓶,合格,广州市好又多（天利）百货商业有限公司世博分公司,广东,包括品质指标、重金属、非食用物质、食品添加剂、微生物指标等31个指标
「雪碧」柠檬味汽水,北京可口可乐饮料有限公司,2,2,0,北京市北京经济技术开发区荣京东街9号,20151207,330毫升/听,合格,北京金河利通商贸中心,北京,
「雪碧」柠檬味汽水,北京可口可乐饮料有限公司,2,2,0,北京市北京经济技术开发区荣京东街9号,20150825,330毫升/听,合格,北京醉爱时尚餐厅有限公司,北京,
（澳迪尼幽灵黑水）蓝莓味果汁饮料,佛山市烁可力食品有限公司,2,2,0,狮山镇松岗松夏工业园工业大道（综合楼）之-1-4楼,2016-09-06,500ml/瓶,合格,贡山县城佳美超市,云南,
（澳迪尼幽灵黑水）蓝莓味果汁饮料,佛山市烁可力食品有限公司,2,2,0,佛山市南海区狮山镇松岗松夏工业园工业大道（综合楼）之-1-4楼,2016-04-11,500ml/瓶,合格,城关区九洲中路百家百货店,甘肃,
（冰露）包装饮用水,甘肃中粮可口可乐饮料有限公司,2,2,0,兰州高新技术产业开发区 兰州市城关区骆驼滩288号,2016-06-11,1.5升/瓶,合格,榆中鸣飞商店,甘肃,
（冰露）包装饮用水,甘肃中粮可口可乐饮料有限公司,2,2,0,兰州高新技术产业开发区 兰州市城关区骆驼滩288号,2016-06-11,1.5升/瓶,合格,榆中鸣飞商店,甘肃,
（冰露）饮用纯净水,可口可乐（湖北）饮料有限公司,2,2,0,武汉经济技术开发区车城南街59号,2016-11-20,550mL/瓶,合格,深圳沃尔玛百货零售有限公司武汉徐东大街分店,湖北,
（冰露）饮用纯净水,可口可乐（湖北）饮料有限公司,2,2,0,武汉市经济技术开发区城南街59号（湖北省武汉市）,2016-06-25,550mL/瓶,合格,中百仓储超市有限公司蔡甸金家店,湖北,
（得鸿牌）方山泉水,泸州市得洪食品有限责任公司,2,2,0,泸州市江阳区方山镇,2016-06-26,18L/桶,合格,泸州市得洪食品有限责任公司,四川,
（得鸿牌）方山泉水,泸州市得洪食品有限责任公司,2,2,0,泸州市江阳区方山镇,2016-06-26,18L/桶,合格,泸州市得洪食品有限责任公司,四川,
（黑水魔力）蓝莓味饮料,河南润泽源食品有限公司,2,2,0,武陟县城工业路,2016-03-09/20160309RZY,480ml/瓶,合格,新乡市红旗区嘉禾购物超市,河南,
（黑水魔力）蓝莓味饮料,河南润泽源食品有限公司,2,2,0,武陟县城工业路,2016-04-08,480ml/瓶,合格,城关区排洪南路思艳综合超市,甘肃,
（红枣+牛奶）乳酸菌饮品,东君乳业（禹城）有限公司,2,2,0,禹城市高新技术开发区,2016-10-14,180ml/袋,合格,东君乳业（禹城）有限公司,山东,
（红枣+牛奶）乳酸菌饮品,东君乳业（禹城）有限公司,2,2,0,禹城市高新技术开发区,2016-09-01,180ml/袋,合格,天津市长湖大润发商业有限公司,天津,
（无糖）三黑十核桃,承德乐比乐饮品有限公司内黄分公司,2,2,0,河南省安阳市内黄县东华路中段,2015-08-09,240ml,合格,承德乐比乐饮品有限公司内黄分公司,河南,
（无糖）三黑十核桃,承德乐比乐饮品有限公司内黄分公司,2,2,0,河南省安阳市内黄县东华路中段,2015-07-02,240ml,合格,承德乐比乐饮品有限公司内黄分公司,河南,
阿尔卑斯天然苏打水,黑龙江海赫饮品有限公司,2,2,0,黑龙江省拜泉县永勤乡荣胜村,2015-11-19,400ml,合格,大庆大润发商业有限公司,黑龙江,
阿尔卑斯天然苏打水,黑龙江海赫饮品有限公司,2,2,0,黑龙江省拜泉县永勤县荣胜村,2015-11-19,400ml,合格,齐齐哈尔润泰商业有限公司,黑龙江,
阿尔卑斯饮用天然矿泉水,吉林省松海泉矿泉饮品有限公司,2,2,0,吉林省白山市靖宇县三道湖镇大井村,2016-05-31,500mL/瓶,合格,佳木斯大润发商贸有限公司,黑龙江,
阿尔卑斯饮用天然矿泉水,吉林省松海泉矿泉饮品有限公司,2,2,0,吉林省白山市靖宇县三道湖镇大井村,2016-03-02,500mL/瓶,合格,长春华润万家生活超市有限公司红旗街分公司,吉林,
阿尔山矿泉珍稀天然冷泉矿泉水,内蒙古蓝海矿泉水有限责任公司,2,2,0,兴安盟阿尔山市五里泉,2015/5/25,500ml/瓶,合格,鄂尔多斯市美特好连锁超市有限公司,内蒙古,
阿尔山矿泉珍稀天然冷泉矿泉水,内蒙古蓝海矿泉水有限责任公司,2,2,0,内蒙古兴安盟阿尔山市,2014-3-3,500ml/瓶,合格,大商股份鸡西新玛特中心购物广场有限公司,黑龙江,包括品质指标、重金属、食品添加剂、微生物和其他污染物指标等53个指标。
阿尔山矿泉珍稀天然冷泉矿泉水,内蒙古蓝海矿泉水有限责任公司,2,2,0,内蒙古兴安盟阿尔山市白狼镇望远山,2015/5/26,330mL/瓶,合格,鄂尔多斯市王府井百货有限责任公司,内蒙古,
阿尔山矿泉珍稀天然冷泉矿泉水,内蒙古蓝海矿泉水有限责任公司,2,2,0,内蒙古兴安盟阿尔山市白狼镇望远山,2015/4/9,330mL/瓶,合格,锡林浩特市依甜矿泉水经销处,内蒙古,
阿尔山冷泉天然矿泉水,内蒙古蓝海矿泉水有限责任公司,2,2,0,内蒙古兴安盟阿尔山市五里泉,2014-3-13,350ml/瓶,合格,巴彦淖尔市临河区万客乐超市东方珀丽店,内蒙古,包括品质指标、重金属、食品添加剂、微生物和其他污染物指标等53个指标。
阿尔山冷泉天然矿泉水,内蒙古蓝海矿泉水有限责任公司,2,2,0,内蒙古古兴安盟阿尔山市五里泉,2014-2-22,350ml/瓶,合格,大商股份新玛特广益街购物广场有限公司,黑龙江,包括品质指标、重金属、其他污染物、食品添加剂、微生物指标等53个指标。
阿华田营养麦芽蛋白型固体饮料,上海英联食品饮料有限公司,2,2,0,上海市闵行经济技术开发区兰村路8号,2014-5-7,400g,合格,汕尾岁宝百货有限公司,广东,包括品质指标、重金属、其他污染物、食品添加剂、微生物指标等53个指标。
阿华田营养麦芽蛋白型固体饮料,上海英联食品饮料有限公司,2,2,0,上海市闵行经济技术开发区兰村路8号,2014-1-1,400g,合格,天虹商场股份有限公司西丽天虹商场,广东,包括品质指标、重金属、其他污染物、食品添加剂、微生物指标等53个指标。
阿胶红豆植物蛋白饮品,山东朝能福瑞达生物科技有限公司,2,2,0,济南市高新区新泺大街989号四层,2016-04-19,250ml/盒,合格,山东朝能福瑞达生物科技有限公司,山东,
阿胶红豆植物蛋白饮品,山东朝能福瑞达生物科技有限公司,2,2,0,济南市高新区新乐大街989四层,2015-09-01,250ml/盒,合格,山东朝能福瑞达生物科技有限公司,山东,
阿拉山泉桶装水,若羌县阿拉山泉矿物质水厂,2,2,0,新疆巴州若羌县楼兰路胡杨宾馆对面,20160519,17L/桶,合格,若羌县阿拉山泉矿物质水厂,新疆,
阿拉山泉桶装水,若羌县阿拉山泉矿物质水厂,2,2,0,新疆巴州若羌县楼兰路胡杨宾馆对面,20160518,17L/桶,合格,若羌县阿拉山泉矿物质水厂,新疆,
阿力玛里饮用纯净水,霍尔果斯市六十一团阿力玛里同堂纯净水厂,2,2,0,新疆伊犁州霍尔果斯市六十一团园林二连,20161016,18.9L/桶,合格,霍尔果斯市六十一团阿力玛里同堂纯净水厂,新疆,
阿力玛里饮用纯净水,霍尔果斯市六十一团阿力玛里同堂纯净水厂,2,2,0,新疆伊犁州霍尔果斯市六十一团园林二连,20160811,18.9L/桶,合格,霍尔果斯市六十一团阿力玛里同堂纯净水厂,新疆,
阿蒙饮用天然泉水,纳雍县阿蒙天然矿泉水厂,2,2,0,纳雍县果乐乡鹿山村,2016-8-28,18.9L/桶,合格,纳雍县阿蒙天然矿泉水厂,贵州,
阿蒙饮用天然泉水,纳雍县阿蒙天然矿泉水厂,2,2,0,贵州省毕节市纳雍县寨乐乡,2014-9-1,18.9L/桶,合格,纳雍县阿蒙天然矿泉水厂,贵州,包括品质指标、重金属、食品添加剂、微生物和其他污染物指标等53个指标。
阿娜塔里木玉龙喀什河饮用水,新疆和田洛浦县荙佤食品加工厂,2,2,0,洛浦县山普鲁乡总闸口,20160403,550ml/瓶,合格,拜城县祖力皮卡凯都河配货服务中心,新疆,
阿娜塔里木玉龙喀什河饮用水,新疆和田洛浦县荙佤食品加工厂,2,2,0,洛浦县山普鲁乡总闸口,20160402,550ml/瓶,合格,拜城县祖力皮卡凯都河配货服务中心,新疆,
阿椰伯椰奶清补凉,文昌三采田食品有限公司,2,2,0,文昌市东郊镇椰林村,2016-07-03,360g/罐,合格,淘宝欣欣美食屋,河南,
阿椰伯椰奶清补凉,文昌三采田食品有限公司,2,2,0,文昌市东郊镇椰林村,2016-05-22,360g/罐,合格,文昌三采田食品有限公司,海南,
阿依苏纯净水,乌鲁木齐阿依苏实业有限公司,2,2,0,新疆乌鲁木齐经济技术开发区头屯河区八一路西九巷42号,20160808,330ml/瓶,合格,乌鲁木齐阿依苏实业有限公司,新疆,
阿依苏纯净水,乌鲁木齐阿依苏实业有限公司,2,2,0,新疆乌鲁木齐市头屯河区八一路西九巷42号,20160612,330ml/瓶,合格,乌鲁木齐阿依苏实业有限公司,新疆,
阿依苏饮用纯净水,乌鲁木齐阿依苏实业有限公司,2,2,0,新疆乌鲁木齐经济技术开发区（头屯河区）八一路18号,20160808,18.9L/桶,合格,乌鲁木齐阿依苏实业有限公司,新疆,
阿依苏饮用纯净水,乌鲁木齐阿依苏实业有限公司,2,2,0,新疆乌鲁木齐经济开发区（头屯河区）八一路18号,20160612,18.9L/桶,合格,乌鲁木齐阿依苏实业有限公司,新疆,
爱德华包装饮用水,南京爱德华饮品科技有限公司,2,2,0,南京江宁经济技术开发区静淮街99号,2016-08-17,18L/桶,合格,南京爱德华饮品科技有限公司,江苏,
爱德华包装饮用水,南京爱德华饮品科技有限公司,2,2,0,南京江宁经济技术开发区太平工业园,2016-03-11,18L/桶,合格,南京爱德华饮品科技有限公司,江苏,
爱尔雪饮用纯净水,无锡市爱尔雪纯净水厂,2,2,0,锡山区羊尖镇锡沪路154号,2016-05-14,18L/桶,合格,锡山区东港立标日用品超市商店,江苏,
爱尔雪饮用纯净水,无锡市爱尔雪纯净水厂,2,2,0,无锡市锡山区羊尖镇锡沪路154号,2014-9-26,18L/桶,合格,无锡市爱尔雪纯净水厂,江苏,包括品质指标、重金属、食品添加剂、微生物和其他污染物指标等53个指标。
爱夸饮用天然矿泉水,巴马统一矿泉水有限公司,2,2,0,巴马镇赐福村,2016-05-20,570ml/瓶,合格,文山州金龙工贸有限责任公司,云南,
爱夸饮用天然矿泉水,巴马统一矿泉水有限公司,2,2,0,巴马镇赐福村,2016-05-20,570ml/瓶,合格,开远大昌隆商贸有限公司,云南,
爱夸饮用天然矿泉水,长白山统一企业（吉林）矿泉水有限公司,2,2,0,吉林省安阳县二道白河镇红丰村,2016-09-27,570ml/瓶,合格,东台市兴邦贸易有限公司,江苏,
爱夸饮用天然矿泉水,长白山统一企业（吉林）矿泉水有限公司,2,2,0,吉林省安图县二道白河镇红丰村,2016-04-27,570ml/瓶,合格,陵水椰林陵城宝真超市,海南,
爱夸饮用天然矿泉水,长白山统一企业(吉林)矿泉水有限公司,2,2,0,吉林省安图县二道白河镇红丰村,2016-07-09,570ml/瓶,合格,安徽省台客隆连锁超市有限责任公司润城店,安徽,
爱夸饮用天然矿泉水,长白山统一企业(吉林)矿泉水有限公司,2,2,0,二道白河镇红丰村,2016-04-28,570ml/瓶,合格,香格里拉县瑞丰超市,云南,
爱夸饮用天然水,江苏博达生物科技有限公司,2,2,0,江苏省徐州市汉王风景区,20150515BD,570mL/瓶,合格,大商集团郑州新玛特购物广场有限公司洛阳洛龙分公司,河南,
爱夸饮用天然水,江苏博达生物科技有限公司,2,2,0,江苏省徐州市汉王风景区,2015-10-27,570mL/瓶,合格,邹城市百货大楼有限责任公司,山东,
爱森包装饮用水,广东爱森食品饮料有限公司,2,2,0,广东省肇庆市鼎湖区桂城新城三十四区,2016-10-08,500mL/瓶,合格,广东爱森食品饮料有限公司,广东,
爱森包装饮用水,广东爱森食品饮料有限公司,2,2,0,广东省肇庆市鼎湖区桂城新城三十四区,2016-09-30,500mL/瓶,合格,广东爱森食品饮料有限公司,广东,
爱心山泉饮用纯净水,东莞市昂想饮水科技有限公司,2,2,0,东莞市横沥镇田饶步生态旅游园区内,2016-09-27,18.9L/桶,合格,东莞市昂想饮水科技有限公司,广东,
爱心山泉饮用纯净水,东莞市昂想饮水科技有限公司,2,2,0,东莞市横沥镇田饶步生态旅游园区内,2016-09-26,18.9L/桶,合格,东莞市昂想饮水科技有限公司,广东,
安吉尔纯净水,辽宁安吉尔天龙泉水业有限公司,2,2,0,沈阳市东陵区英达镇公家村349-1号,2016-10-27,18.9L/桶,合格,辽宁安吉尔天龙泉水业有限公司,辽宁,
安吉尔纯净水,辽宁安吉尔天龙泉水业有限公司,2,2,0,东陵区英达镇公家村349-1号,2016-06-16,18.9L/桶,合格,辽宁安吉尔天龙泉水业有限公司,辽宁,
安吉尔精品饮用纯净水,重庆市燕安洁饮用水有限责任公司,2,2,0,重庆市涪陵区新大兴国际农副产品交易中心,2016-08-24,18.9L/桶,合格,重庆市燕安洁饮用水有限责任公司,重庆,
安吉尔精品饮用纯净水,重庆市燕安洁饮用水有限责任公司,2,2,0,重庆市涪陵区鹅颈关新大兴国际农副产品交易中心,2016-05-26,18.9L/桶,合格,重庆市燕安洁饮用水有限责任公司,重庆,
安吉尔饮用纯净水,丹阳市司徒镇安吉尔纯净水厂,2,2,0,丹阳市司徒镇全州丹句公路北侧(朝阳包装印刷厂内),2016-10-26,18L/桶,合格,丹阳市司徒镇安吉尔纯净水厂,江苏,
安吉尔饮用纯净水,丹阳市司徒镇安吉尔纯净水厂,2,2,0,江苏省镇江市丹阳司徒镇全州丹句公路北侧,2014-9-23,18L/桶,合格,丹阳市司徒镇安吉尔纯净水厂,江苏,包括品质指标、重金属、食品添加剂、微生物和其他污染物指标等53个指标。
安吉尔饮用纯净水,东莞市裕龙饮用水有限公司,2,2,0,东莞市厚街镇三屯工业大道131号1楼,2016-09-17,18.9升/桶,合格,东莞市裕龙饮用水有限公司,广东,
安吉尔饮用纯净水,东莞市裕龙饮用水有限公司,2,2,0,东莞市厚街镇三屯工业大道131号1楼,2016-09-14,18.9升/桶,合格,东莞市裕龙饮用水有限公司,广东,
安吉泉饮用纯净水,深圳市碧琪食品饮料有限公司,2,2,0,深圳市宝安区松岗街道燕川社区燕山大道5号豪诚科技园E栋,2016-10-27,18.9升/桶,合格,深圳市碧琪食品饮料有限公司,广东,
安吉泉饮用纯净水,深圳市碧琪食品饮料有限公司,2,2,0,深圳市宝安区松岗街道燕川社区燕山大道5号豪诚科技园E栋,2016-10-26,18.9升/桶,合格,深圳市碧琪食品饮料有限公司,广东,
奥赛饮用纯净水,营口奥赛饮品有限公司,2,2,0,"辽宁省营口市辰光街6甲37,43,44，45",2016-09-08,18.9L/桶,合格,营口奥赛泉饮品销售中心,辽宁,
奥赛饮用纯净水,营口奥赛饮品有限公司,2,2,0,营口市站前区辰光街6甲37、43、44、45,2016-07-04,18.9L/桶,合格,营口奥赛泉饮品销售中心,辽宁,
澳大利纯净水,西平县澳大利饮品有限公司,2,2,0,西平县107国道皮庄段路西,2016-08-19,518mL,合格,西平县澳大利饮品有限公司,河南,
澳大利纯净水,西平县澳大利饮品有限公司,2,2,0,西平县107囯道皮庄段路西,2016-08-16,518mL,合格,西平县澳大利饮品有限公司,河南,
澳斯纯包装饮用水,江门市新会区澳斯纯天然饮料厂,2,2,0,江门市新会区双水镇豪山村水塔山,2016-04-26,560ml,合格,江门市农合农产品流通中心有限公司,广东,
澳斯纯包装饮用水,江门市新会区澳斯纯天然饮料厂,2,2,0,江门市新会区双水镇豪山村水塔山,2016-03-12,560ml,合格,江门市农合农产品流通中心有限公司,广东,
八匡山泉饮用天然泉水,榕江县八匡山泉水厂,2,2,0,榕江县栽麻乡八匡村,2016-09-05,18.9L/桶,合格,榕江县八匡山泉水厂,贵州,
八匡山泉饮用天然泉水,榕江县八匡山泉水厂,2,2,0,榕江县栽麻乡八匡村,2016-05-17,18.9L/桶,合格,榕江县八匡山泉水厂,贵州,
八里河纯净水,安徽伟航饮品有限公司,2,2,0,颍上县八里河镇韩郢村,2016-09-28,510ml/瓶,合格,安徽伟航饮品有限公司,安徽,
八里河纯净水,安徽伟航饮品有限公司,2,2,0,颍上县八里河镇韩郢村,2016-07-02,510ml/瓶,合格,安徽伟航饮品有限公司,安徽,
八王寺包装饮用水,沈阳八王寺饮料有限公司,2,2,0,沈阳欧盟经济开发区建设路109号,2016-06-17,550mL/瓶,合格,阜新大润发商业有限公司,辽宁,
八王寺包装饮用水,沈阳八王寺饮料有限公司,2,2,0,沈阳欧盟经济开发区建设路109号,2016-03-09,550mL/瓶,合格,清河门区洪春商行,辽宁,
八王寺包装饮用水,沈阳八王寺饮料有限公司,2,2,0,沈阳欧盟经济开发区建设路109号,2016-06-29,550ml/瓶,合格,盘锦市双台子区上诺联华百货超市,辽宁,
八王寺包装饮用水,沈阳八王寺饮料有限公司,2,2,0,沈阳欧盟经济开发区建设路109号,2016-03-15,550ml/瓶,合格,抚顺好又多商贸有限公司,辽宁,
八王寺橙果粒-甜橙果汁饮料,沈阳八王寺饮料有限公司,2,2,0,沈阳欧盟经济开发区建设路109号,2016-08-02,450ml/瓶,合格,沈阳八王寺饮料有限公司,辽宁,
八王寺橙果粒-甜橙果汁饮料,沈阳八王寺饮料有限公司,2,2,0,沈阳欧盟经济开发区建设路109号,2016-05-21,450ml/瓶,合格,沈阳八王寺饮料有限公司,辽宁,
八王寺葡萄糖盐汽水,沈阳八王寺饮料有限公司,2,2,0,沈阳欧盟经济开发区建设路109号,2016-09-20,550ml/瓶,合格,沈阳八王寺饮料有限公司,辽宁,
八王寺葡萄糖盐汽水,沈阳八王寺饮料有限公司,2,2,0,欧盟经济开发区建设路109号,2016-03-29,550ml/瓶,合格,沈阳家乐福商业有限公司辽阳新运大街分公司,辽宁,
巴旦木植物蛋白饮料,雅士利（郑州）营养品有限公司,2,2,0,郑州经济技术开发区经开第十五大街以西，航海东路以南,2015-08-20,245mL/盒,合格,江苏乐天玛特商业有限公司连云港通灌路店,江苏,
巴旦木植物蛋白饮料,雅士利（郑州）营养品有限公司,2,2,0,郑州经济技术开发区十五大街,2015-01-04,245mL/盒,合格,淮北大润发商贸有限公司相山分公司,安徽,
巴马百年高锶天然泉水（360mL/瓶）,巴马百年食品饮料有限公司,2,2,0,燕洞乡燕洞村长寿乡,2014-9-18,360mL,合格,巴马百年食品饮料有限公司,广西,包括品质指标、重金属、食品添加剂、微生物和其他污染物指标等53个指标。
巴马百年高锶天然泉水（360mL/瓶）,巴马百年食品饮料有限公司,2,2,0,燕洞乡燕洞村长寿乡,2014-9-17,360mL,合格,巴马百年食品饮料有限公司,广西,包括品质指标、重金属、食品添加剂、微生物和其他污染物指标等53个指标。
巴马百岁庄包装饮用水,广西巴马寿天下食品饮料有限公司,2,2,0,广西巴马瑶族自治县那桃乡民安村甘内屯,2016-03-08,500mL,合格,广西巴马寿天下食品饮料有限公司,广西,
巴马百岁庄包装饮用水,广西巴马寿天下食品饮料有限公司,2,2,0,广西巴马瑶族自治县那桃乡民安村甘内屯,2016-03-07,500mL,合格,广西巴马寿天下食品饮料有限公司,广西,
巴马铂泉（包装饮用水）,广西巴马铂泉天然矿泉水有限公司,2,2,0,广西巴马那桃乡民安村巴灯屯,2016-03-23,500ml/瓶,合格,苏果超市（射阳）有限公司双拥北路便利店,江苏,
巴马铂泉（包装饮用水）,广西巴马铂泉天然矿泉水有限公司,2,2,0,广西巴马那桃乡民安村巴灯屯,2016-01-20,500ml/瓶,合格,苏果超市有限公司水佐岗连锁店,江苏,
